Date,Open,High,Low,Close,Volume,Dividends,Stock Splits
2020-09-18 00:00:00-04:00,12.555422945669688,12.594054712024722,11.952264622317736,12.152153968811035,698460000,0.0,0.0
2020-09-21 00:00:00-04:00,11.888708100792234,12.484389539998377,11.868270307160746,12.479155540466309,721044000,0.0,0.0
2020-09-22 00:00:00-04:00,12.5367300457462,12.60950783766149,12.118507319877803,12.599288940429688,646452000,0.0,0.0
2020-09-23 00:00:00-04:00,12.537228000249492,12.688267633843767,12.042489056909767,12.08685302734375,647012000,0.0,0.0
2020-09-24 00:00:00-04:00,12.035511901501538,12.5312482668557,11.977438742883974,12.31042194366455,731240000,0.0,0.0
2020-09-25 00:00:00-04:00,12.409619513315679,12.84429253189715,12.208483684502653,12.834571838378906,588016000,0.0,0.0
2020-09-28 00:00:00-04:00,13.000561948380403,13.012027305730134,12.71119549643303,12.995327949523926,573808000,0.0,0.0
2020-09-29 00:00:00-04:00,12.898126471531569,13.401838788789666,12.893889831776605,13.18549919128418,621460000,0.0,0.0
2020-09-30 00:00:00-04:00,13.11745953391726,13.581044604108897,13.110231764358542,13.489324569702148,689184000,0.0,0.0
2020-10-01 00:00:00-04:00,13.716131285227705,13.720866130003346,13.419785147051085,13.573067665100098,525004000,0.0,0.0
2020-10-02 00:00:00-04:00,13.184754046905367,13.478357223318929,13.011282826082569,13.022499084472656,552496000,0.0,0.0
2020-10-05 00:00:00-04:00,13.195718950444643,13.602726378961242,13.182508924277144,13.600981712341309,479820000,0.0,0.0
2020-10-06 00:00:00-04:00,13.787911060916047,14.098961824596449,13.623413243733525,13.694695472717285,784420000,0.0,0.0
2020-10-07 00:00:00-04:00,13.957144656852174,14.07628114188289,13.821308812473632,13.921503067016602,418084000,0.0,0.0
2020-10-08 00:00:00-04:00,14.032166592711608,14.04163818419971,13.716131853958128,13.796635627746582,378900000,0.0,0.0
2020-10-09 00:00:00-04:00,13.725101886390037,13.782177675292244,13.619175436432785,13.720864295959473,346892000,0.0,0.0
2020-10-12 00:00:00-04:00,13.946923956456635,14.303336005649518,13.870158635377013,14.182703971862793,434744000,0.0,0.0
2020-10-13 00:00:00-04:00,14.252988831755088,14.304830615479933,13.976084148198783,14.204885482788086,344604000,0.0,0.0
2020-10-14 00:00:00-04:00,14.247009210749079,14.29910010632329,13.917515375879658,14.052353858947754,276100000,0.0,0.0
2020-10-15 00:00:00-04:00,13.7687179661636,13.963124193199745,13.725848613045164,13.927483558654785,267224000,0.0,0.0
2020-10-16 00:00:00-04:00,13.994031129475207,14.07852338069987,13.750524170509511,13.769466400146484,242392000,0.0,0.0
2020-10-19 00:00:00-04:00,13.860687988387964,13.940942647700611,13.36594810565735,13.456671714782715,298068000,0.0,0.0
2020-10-20 00:00:00-04:00,13.542159898239708,13.757752181542894,13.465892779113565,13.603971481323242,229212000,0.0,0.0
2020-10-21 00:00:00-04:00,13.583535280397424,13.74952866518979,13.436484126487011,13.483590126037598,219596000,0.0,0.0
2020-10-22 00:00:00-04:00,13.481344799645843,13.570322782592395,13.191479184719874,13.32033634185791,290480000,0.0,0.0
2020-10-23 00:00:00-04:00,13.40906673844626,13.551881242387436,13.250800288762472,13.548890113830566,233484000,0.0,0.0
2020-10-26 00:00:00-04:00,13.38613712415436,13.65107828818675,12.998819248635527,13.101256370544434,336896000,0.0,0.0
2020-10-27 00:00:00-04:00,13.265503513673679,13.401090234792415,13.151351943898296,13.355978012084961,250520000,0.0,0.0
2020-10-28 00:00:00-04:00,13.1578329010127,13.2196444828129,12.570625726226456,12.588570594787598,376520000,0.0,0.0
2020-10-29 00:00:00-04:00,12.799427953115362,13.152599800168861,12.711197266914722,12.984363555908203,320080000,0.0,0.0
2020-10-30 00:00:00-04:00,12.810891669353149,12.897127624944583,12.26256539289727,12.495853424072266,416820000,0.0,0.0
2020-11-02 00:00:00-05:00,12.619227673320147,12.797682807824847,12.357277650821981,12.542462348937988,299652000,0.0,0.0
2020-11-03 00:00:00-05:00,12.669824999930903,13.06511799350483,12.564396738004714,12.979878425598145,272900000,0.0,0.0
2020-11-04 00:00:00-05:00,13.348502540252872,13.78541936200502,13.296411643005507,13.752269744873047,410228000,0.0,0.0
2020-11-05 00:00:00-05:00,14.11940004400391,14.295362275225596,13.94842175974404,14.116907119750977,319028000,0.0,0.0
2020-11-06 00:00:00-05:00,14.06680798040643,14.544350276254345,13.852712215354051,14.517682075500488,383348000,0.0,0.0
2020-11-09 00:00:00-05:00,14.508213688613951,14.646790623774507,13.569330042672156,13.589268684387207,582976000,0.0,0.0
2020-11-10 00:00:00-05:00,13.565090756109772,13.565090756109772,12.589818331459508,12.7311372756958,644068000,0.0,0.0
2020-11-11 00:00:00-05:00,13.014024118289205,13.394114256759353,12.908844961353317,13.377165794372559,404744000,0.0,0.0
2020-11-12 00:00:00-05:00,13.437978740251724,13.724105001386421,13.275474700255113,13.415796279907227,365812000,0.0,0.0
2020-11-13 00:00:00-05:00,13.585776416432045,13.627150206211805,13.019505232759,13.256531715393066,346312000,0.0,0.0
2020-11-16 00:00:00-05:00,13.132410801829966,13.607959347793312,13.115961496704895,13.47411823272705,413776000,0.0,0.0
2020-11-17 00:00:00-05:00,13.51125656747037,13.554873236552991,13.263263834024546,13.381402969360352,312028000,0.0,0.0
2020-11-18 00:00:00-05:00,13.42427208541798,13.564344579254746,13.14487535535619,13.387883186340332,510924000,0.0,0.0
2020-11-19 00:00:00-05:00,13.172539700466864,13.44645330267934,13.06013278246462,13.399347305297852,565936000,0.0,0.0
2020-11-20 00:00:00-05:00,13.41305760999102,13.453434049594991,13.02524051471372,13.047922134399414,341088000,0.0,0.0
2020-11-23 00:00:00-05:00,13.131166723495513,13.341773187004295,12.975890438370167,13.100011825561523,361356000,0.0,0.0
2020-11-24 00:00:00-05:00,13.102503240666222,13.121943675569424,12.84578719687769,12.918315887451172,346500000,0.0,0.0
2020-11-25 00:00:00-05:00,12.992835477186032,13.229113674066298,12.980373711450335,13.194469451904297,259916000,0.0,0.0
2020-11-27 00:00:00-05:00,13.334295274837999,13.366696632376183,13.130417440912618,13.220890998840332,167276000,0.0,0.0
2020-11-30 00:00:00-05:00,13.224629972711387,13.371681112927636,12.93277056325662,13.360713958740234,286952000,0.0,0.0
2020-12-01 00:00:00-05:00,13.45119067768799,13.48757957766835,13.187993195466492,13.349251747131348,296948000,0.0,0.0
2020-12-02 00:00:00-05:00,13.309870792632042,13.631887767453023,13.193974535937858,13.503280639648438,283360000,0.0,0.0
2020-12-03 00:00:00-05:00,13.550149946445117,13.62245088481355,13.292361370106766,13.359176635742188,199520000,0.004,0.0
2020-12-04 00:00:00-05:00,13.411532721541958,13.522726970662992,13.351947356745299,13.520981788635254,202244000,0.0,0.0
2020-12-07 00:00:00-05:00,13.56386361302514,13.69350639302831,13.462892225669556,13.569348335266113,223244000,0.0,0.0
2020-12-08 00:00:00-05:00,13.547660549282979,13.561372832362407,13.244994568977356,13.31330680847168,271920000,0.0,0.0
2020-12-09 00:00:00-05:00,13.263940122699115,13.377127781600759,12.83287824849887,12.895206451416016,401300000,0.0,0.0
2020-12-10 00:00:00-05:00,12.833626362652886,13.032827240259751,12.814179233486414,12.936592102050781,207764000,0.0,0.0
2020-12-11 00:00:00-05:00,12.931605898725499,12.984211487021058,12.78775249231432,12.977479934692383,209264000,0.0,0.0
2020-12-14 00:00:00-05:00,13.052024145554842,13.351947226601784,13.041553053490475,13.272167205810547,270156000,0.0,0.0
2020-12-15 00:00:00-05:00,13.402805875203455,13.426989246049008,13.150502026365718,13.323774337768555,193016000,0.0,0.0
2020-12-16 00:00:00-05:00,13.385603115420373,13.400313049100214,13.176180337490917,13.206098556518555,223116000,0.0,0.0
2020-12-17 00:00:00-05:00,13.330006122920596,13.342721698544022,13.142274011132221,13.304576873779297,231384000,0.0,0.0
2020-12-18 00:00:00-05:00,13.34222373459072,13.368152289041408,13.034572396275758,13.235518455505371,342064000,0.0,0.0
2020-12-21 00:00:00-05:00,13.038810902481204,13.333249277123658,12.931855491448975,13.295602798461914,302332000,0.0,0.0
2020-12-22 00:00:00-05:00,13.28263933889493,13.30058951211129,13.018118229033087,13.241751670837402,185580000,0.0,0.0
2020-12-23 00:00:00-05:00,13.219560399552407,13.238508224072032,12.969250916494191,12.973488807678223,179144000,0.0,0.0
2020-12-24 00:00:00-05:00,13.001412025804129,13.096400326484508,12.903183488228189,12.95803165435791,97884000,0.0,0.0
2020-12-28 00:00:00-05:00,13.026594766213018,13.026594766213018,12.728167672465434,12.864541053771973,212564000,0.0,0.0
2020-12-29 00:00:00-05:00,12.889471627725841,13.036566214087761,12.80694877343674,12.907670974731445,170372000,0.0,0.0
2020-12-30 00:00:00-05:00,12.954543292106099,13.177429208002605,12.86130110996343,13.10961627960205,225396000,0.0,0.0
2020-12-31 00:00:00-05:00,13.100387640087922,13.114847444288669,12.879496156026779,13.019111633300781,192424000,0.0,0.0
2021-01-04 00:00:00-05:00,13.06822839837125,13.614971541756363,12.926867712421455,13.077452659606934,560640000,0.0,0.0
2021-01-05 00:00:00-05:00,13.063741770518265,13.406546891432267,13.051027144104747,13.367903709411621,322760000,0.0,0.0
2021-01-06 00:00:00-05:00,13.186153937581938,13.20859212779039,12.551404137533451,12.579825401306152,580424000,0.0,0.0
2021-01-07 00:00:00-05:00,12.931855368359583,13.340978357195587,12.851078640686227,13.307320594787598,461480000,0.0,0.0
2021-01-08 00:00:00-05:00,13.325768310454082,13.384106839169371,13.006148952979984,13.240253448486328,292528000,0.0,0.0
2021-01-11 00:00:00-05:00,13.381863973703096,13.922624053204572,13.325768975700742,13.584056854248047,518344000,0.0,0.0
2021-01-12 00:00:00-05:00,13.714696165855404,13.716691474669126,13.308317002723243,13.44768238067627,291476000,0.0,0.0
2021-01-13 00:00:00-05:00,13.45291552209827,13.587544632952637,13.34820462546886,13.494550704956055,210028000,0.0,0.0
2021-01-14 00:00:00-05:00,13.53768624146409,13.562367967731841,13.144270823265234,13.163966178894043,283120000,0.0,0.0
2021-01-15 00:00:00-05:00,13.19163686182663,13.288619513312941,12.813180643216462,12.824150085449219,277780000,0.0,0.0
2021-01-19 00:00:00-05:00,12.980470603146165,13.058007089454371,12.808694289194596,12.989446640014648,226188000,0.0,0.0
2021-01-20 00:00:00-05:00,13.075710359730394,13.393584615776335,13.020862180848457,13.329012870788574,258572000,0.0,0.0
2021-01-21 00:00:00-05:00,13.38161577620076,13.960769900780255,13.21657100711801,13.829381942749023,337780000,0.0,0.0
2021-01-22 00:00:00-05:00,13.702232110393947,13.803702799106055,13.589791977354604,13.67480754852295,246820000,0.0,0.0
2021-01-25 00:00:00-05:00,13.74386752287208,13.790489088581495,13.200116324560353,13.615720748901367,251112000,0.0,0.0
2021-01-26 00:00:00-05:00,13.543171275255506,13.6072446653071,13.350701929220993,13.398321151733398,163980000,0.0,0.0
2021-01-27 00:00:00-05:00,13.193632102910534,13.196374939178762,12.758581560131608,12.882241249084473,371272000,0.0,0.0
2021-01-28 00:00:00-05:00,12.960526280295204,13.303082210264922,12.924874161260108,13.015125274658203,228316000,0.0,0.0
2021-01-29 00:00:00-05:00,13.03905799238452,13.298094331808977,12.876007604293378,12.954042434692383,271552000,0.0,0.0
2021-02-01 00:00:00-05:00,13.017370804876167,13.234272695684933,12.867284187944932,13.200615882873535,217204000,0.0,0.0
2021-02-02 00:00:00-05:00,13.361919791975675,13.534692808775095,13.2489803634068,13.519485473632812,220440000,0.0,0.0
2021-02-03 00:00:00-05:00,13.598518301922557,13.893455987895509,13.479347563771617,13.493309020996094,245408000,0.0,0.0
2021-02-04 00:00:00-05:00,13.493805009925891,13.635913218107342,13.301086528167751,13.626688957214355,201340000,0.0,0.0
2021-02-05 00:00:00-05:00,13.68727376259905,13.699490037131103,13.50851576115915,13.553641319274902,169152000,0.0,0.0
2021-02-08 00:00:00-05:00,13.689516798307066,14.433964843253122,13.689516798307066,14.39906120300293,434624000,0.0,0.0
2021-02-09 00:00:00-05:00,14.301331166039105,14.543164907992347,14.183406307616304,14.224044799804688,287560000,0.0,0.0
2021-02-10 00:00:00-05:00,14.423493930171468,14.864029232450724,14.302078715343187,14.723666191101074,485352000,0.0,0.0
2021-02-11 00:00:00-05:00,14.939072297561736,15.23026945856,14.883974002663003,15.20882797241211,450828000,0.0,0.0
2021-02-12 00:00:00-05:00,15.008630938614067,15.24921783167627,14.734386284539758,14.920125007629395,374756000,0.0,0.0
2021-02-16 00:00:00-05:00,15.022842106467083,15.330245229763257,14.908905968770373,15.288110733032227,321960000,0.0,0.0
2021-02-17 00:00:00-05:00,15.129297432433582,15.181653843057108,14.739372419976553,14.865026473999023,274756000,0.0,0.0
2021-02-18 00:00:00-05:00,14.688513972152826,14.832367383423362,14.534936995845102,14.788239479064941,233868000,0.0,0.0
2021-02-19 00:00:00-05:00,14.983200582071147,15.135281542586627,14.805939546070965,14.885470390319824,271724000,0.0,0.0
2021-02-22 00:00:00-05:00,14.73413883525478,15.091653916167415,14.28562510312609,14.316290855407715,325884000,0.0,0.0
2021-02-23 00:00:00-05:00,14.036558534796624,14.199609876992758,13.352693569934281,14.10312557220459,391780000,0.0,0.0
2021-02-24 00:00:00-05:00,14.083928588094082,14.466872844583449,13.718186023302337,14.45914363861084,448320000,0.0,0.0
2021-02-25 00:00:00-05:00,14.006892084424166,14.335237389749665,13.179922110478243,13.270920753479004,824436000,0.0,0.0
2021-02-26 00:00:00-05:00,13.714695425361032,13.8164152740976,13.324272096448965,13.676800727844238,500932000,0.0,0.0
2021-03-01 00:00:00-05:00,13.836862725191807,13.88672548378148,13.515997409617885,13.803704261779785,353184000,0.0,0.0
2021-03-02 00:00:00-05:00,13.861790487808957,13.88223431881388,13.359176201562969,13.36939811706543,264116000,0.0,0.0
2021-03-03 00:00:00-05:00,13.38934384192077,13.41452391633515,12.763568206502914,12.769552230834961,377592000,0.0,0.0
2021-03-04 00:00:00-05:00,12.765563165461836,12.939334789321144,12.05053404254079,12.336246490478516,573344000,0.0,0.0
2021-03-05 00:00:00-05:00,12.51550188802097,12.51550188802097,11.647145039370162,12.427245140075684,542840000,0.0,0.0
2021-03-08 00:00:00-05:00,12.415777785743494,12.43696914640558,11.534706213600625,11.561383247375488,543112000,0.0,0.0
2021-03-09 00:00:00-05:00,12.10108216233075,12.586412134756065,12.030252786567042,12.490144729614258,521824000,0.004,0.0
2021-03-10 00:00:00-05:00,12.809624121831169,12.948788350784676,12.427545646861628,12.43826961517334,384376000,0.0,0.0
2021-03-11 00:00:00-05:00,12.918860131645657,13.014879220865792,12.703878446520958,12.962255477905273,299916000,0.0,0.0
2021-03-12 00:00:00-05:00,12.617836764895445,12.857758928939543,12.559727352850821,12.825087547302246,243964000,0.0,0.0
2021-03-15 00:00:00-04:00,12.833817650903026,13.17499534699186,12.73655223404045,13.15953254699707,221988000,0.0,0.0
2021-03-16 00:00:00-04:00,13.32438228405573,13.480007299381086,13.085208884498742,13.259289741516113,272128000,0.0,0.0
2021-03-17 00:00:00-04:00,13.00839537496323,13.420900926313383,12.958266150296865,13.309170722961426,243864000,0.0,0.0
2021-03-18 00:00:00-04:00,13.104911921694212,13.152297359221292,12.68642031431901,12.691906929016113,293896000,0.0,0.0
2021-03-19 00:00:00-04:00,12.71934168018771,12.890429501227384,12.58217249940309,12.814861297607422,299208000,0.0,0.0
2021-03-22 00:00:00-04:00,12.88170107346451,13.36229222405252,12.875714983128155,13.154542922973633,297804000,0.0,0.0
2021-03-23 00:00:00-04:00,13.222378081333801,13.312411079207246,12.989938556697368,13.03931999206543,222048000,0.0,0.0
2021-03-24 00:00:00-04:00,13.119625530279166,13.127606665897511,12.60636306550238,12.612597465515137,245840000,0.0,0.0
2021-03-25 00:00:00-04:00,12.469444406077091,12.684176838550286,12.24249148281004,12.505107879638672,295144000,0.0,0.0
2021-03-26 00:00:00-04:00,12.524311970717228,12.82533658682851,12.343747433976715,12.808377265930176,363968000,0.0,0.0
2021-03-29 00:00:00-04:00,12.7894208455432,13.031088751095217,12.669460260549382,12.917113304138184,273520000,0.0,0.0
2021-03-30 00:00:00-04:00,12.811120995907123,12.944050827838632,12.674450333195036,12.840799331665039,200204000,0.0,0.0
2021-03-31 00:00:00-04:00,12.98420332881414,13.43810917129634,12.9512826873844,13.316153526306152,314776000,0.0,0.0
2021-04-01 00:00:00-04:00,13.53961549662177,13.836649068616161,13.47876135089738,13.778539657592773,308276000,0.0,0.0
2021-04-05 00:00:00-04:00,13.834155615253895,13.980302987658074,13.699978520943075,13.953866958618164,255672000,0.0,0.0
2021-04-06 00:00:00-04:00,13.966084861243433,14.020453431852593,13.74037923030363,13.828166961669922,191744000,0.0,0.0
2021-04-07 00:00:00-04:00,13.847372523873123,14.209250320839418,13.678529960940079,14.109491348266602,251284000,0.0,0.0
2021-04-08 00:00:00-04:00,14.218477253852367,14.436701232572581,14.214735472199942,14.282572746276855,244416000,0.0,0.0
2021-04-09 00:00:00-04:00,14.179820993441329,14.373354747720487,14.14091521365383,14.365373611450195,195172000,0.0,0.0
2021-04-12 00:00:00-04:00,14.255389020431952,15.315583398824293,14.105250615328751,15.172428131103516,869324000,0.0,0.0
2021-04-13 00:00:00-04:00,15.194873435364462,15.662246999655242,15.089377642067435,15.641796112060547,676212000,0.0,0.0
2021-04-14 00:00:00-04:00,15.587428630492008,15.682698986670525,15.190884408077046,15.240265846252441,385500000,0.0,0.0
2021-04-15 00:00:00-04:00,15.62483885030277,16.17526231313936,15.593913254880118,16.098447799682617,598480000,0.0,0.0
2021-04-16 00:00:00-04:00,16.014398330283544,16.12687821542396,15.827099932377852,15.874237060546875,335208000,0.0,0.0
2021-04-19 00:00:00-04:00,15.499143036450203,15.769491335621629,15.196372615942284,15.324812889099121,404420000,0.0,0.0
2021-04-20 00:00:00-04:00,15.286405340640414,15.459737485806365,14.927022034727395,15.134771347045898,334132000,0.0,0.0
2021-04-21 00:00:00-04:00,15.082396063863788,15.325560529414375,15.065936218178726,15.323565483093262,216776000,0.0,0.0
2021-04-22 00:00:00-04:00,15.338029776421406,15.401377489777921,14.747951796422132,14.814541816711426,277788000,0.0,0.0
2021-04-23 00:00:00-04:00,14.898338879130646,15.298125392787849,14.864421191368388,15.228543281555176,227500000,0.0,0.0
2021-04-26 00:00:00-04:00,15.148488737267819,15.441781499599918,15.088632586087162,15.440783500671387,197796000,0.0,0.0
2021-04-27 00:00:00-04:00,15.541041312310584,15.632820106046,15.317579942840933,15.344764709472656,164572000,0.0,0.0
2021-04-28 00:00:00-04:00,15.327555418613876,15.494902413959666,15.178913528331181,15.240015983581543,209416000,0.0,0.0
2021-04-29 00:00:00-04:00,15.362969655538395,15.399381866881697,15.035259753448685,15.287900924682617,173196000,0.0,0.0
2021-04-30 00:00:00-04:00,15.138012864264331,15.328054107946565,14.960938945985912,14.973408699035645,201912000,0.0,0.0
2021-05-03 00:00:00-04:00,15.088630880297941,15.210088002136116,14.751942803190856,14.801074028015137,203912000,0.0,0.0
2021-05-04 00:00:00-04:00,14.602053531425085,14.6023027932816,13.976561346696622,14.316740989685059,405324000,0.0,0.0
2021-05-05 00:00:00-04:00,14.673630127077862,14.777879613344718,14.352903386413088,14.42373275756836,292024000,0.0,0.0
2021-05-06 00:00:00-04:00,14.460394829112328,14.536212294500968,14.183812159767982,14.488078117370605,193380000,0.0,0.0
2021-05-07 00:00:00-04:00,14.77264412349218,14.934752822888287,14.63647197878398,14.776634216308594,229328000,0.0,0.0
2021-05-10 00:00:00-04:00,14.751693870139158,14.770398976353079,14.215736112634747,14.23144817352295,268904000,0.0,0.0
2021-05-11 00:00:00-04:00,13.791756087059111,14.320232115929393,13.716936623027907,14.271848678588867,285584000,0.0,0.0
2021-05-12 00:00:00-04:00,13.975814018891231,14.225961636461733,13.67628686146137,13.725418090820312,303408000,0.0,0.0
2021-05-13 00:00:00-04:00,14.00000367438786,14.04689153989146,13.426635785921249,13.632390022277832,285404000,0.0,0.0
2021-05-14 00:00:00-04:00,13.856601735291596,14.293548287070912,13.71544150119771,14.208752632141113,258616000,0.0,0.0
2021-05-17 00:00:00-04:00,14.122957641807114,14.135178132158144,13.820188214769972,14.131437301635742,216980000,0.0,0.0
2021-05-18 00:00:00-04:00,14.232693181267955,14.36961309097996,13.970325114807855,13.982047080993652,186256000,0.0,0.0
2021-05-19 00:00:00-04:00,13.53387813226448,14.045645075732622,13.510684411423444,14.031928062438965,344000000,0.0,0.0
2021-05-20 00:00:00-04:00,14.26810895417662,14.648442606942425,14.23618631019407,14.577363967895508,321592000,0.0,0.0
2021-05-21 00:00:00-04:00,15.127290111600892,15.185400482044235,14.83374806792538,14.955703735351562,672992000,0.0,0.0
2021-05-24 00:00:00-04:00,15.175920747126446,15.707140602698978,15.139508535207892,15.574460983276367,554816000,0.0,0.0
2021-05-25 00:00:00-04:00,15.728089186198519,15.78046271741697,15.445271166237749,15.610123634338379,435408000,0.0,0.0
2021-05-26 00:00:00-04:00,15.6964146033952,15.755771267563214,15.548770728486243,15.662246704101562,370440000,0.0,0.0
2021-05-27 00:00:00-04:00,15.661997876985225,15.712127097669416,15.422824478053286,15.450757026672363,581476000,0.0,0.0
2021-05-28 00:00:00-04:00,15.46372758635442,16.238360207751256,15.46372758635442,16.2054386138916,644536000,0.0,0.0
2021-06-01 00:00:00-04:00,16.230880862635292,16.348846435736775,15.865011961032426,16.225393295288086,472804000,0.0,0.0
2021-06-02 00:00:00-04:00,16.2131712272355,16.878068682105397,16.196461168659535,16.737905502319336,594168000,0.0,0.0
2021-06-03 00:00:00-04:00,16.66059325231189,17.217501361578147,16.543126215762054,16.928945541381836,580008000,0.0,0.0
2021-06-04 00:00:00-04:00,17.071352289643585,17.618533484108934,17.05439487096209,17.53598403930664,617120000,0.0,0.0
2021-06-07 00:00:00-04:00,17.528999702220645,17.769668687611166,17.15140984525968,17.57663345336914,575756000,0.0,0.0
2021-06-08 00:00:00-04:00,17.48510252480125,17.57912560790195,17.209515985745714,17.415021896362305,323848000,0.0,0.0
2021-06-09 00:00:00-04:00,17.477638864993665,17.536759822813195,17.2182043631533,17.320480346679688,381656000,0.004,0.0
2021-06-10 00:00:00-04:00,17.312247392861362,17.453938603804676,17.13862622387971,17.387083053588867,287772000,0.0,0.0
2021-06-11 00:00:00-04:00,17.441468071432727,17.900218878027967,17.405796419322247,17.786466598510742,416308000,0.0,0.0
2021-06-14 00:00:00-04:00,17.867036117076452,18.00024476423905,17.62431554331677,17.97953987121582,321376000,0.0,0.0
2021-06-15 00:00:00-04:00,17.876023679055358,17.97705308735453,17.68943025639566,17.749797821044922,243032000,0.0,0.0
2021-06-16 00:00:00-04:00,17.752043232238762,17.915685976491854,17.54624082769591,17.771499633789062,307124000,0.0,0.0
2021-06-17 00:00:00-04:00,17.735824645418788,18.794016313609266,17.71761484251838,18.616653442382812,809656000,0.0,0.0
2021-06-18 00:00:00-04:00,18.743128393374096,19.332842043852928,18.54356281099688,18.598194122314453,968856000,0.0,0.0
2021-06-21 00:00:00-04:00,18.395131823176083,18.496163088665213,17.783965464290116,18.387149810791016,672384000,0.0,0.0
2021-06-22 00:00:00-04:00,18.431304473506938,18.92248372739326,18.345989814876653,18.84564971923828,580144000,0.0,0.0
2021-06-23 00:00:00-04:00,18.966389599449883,19.111074543121184,18.866606814049042,19.01578140258789,332356000,0.0,0.0
2021-06-24 00:00:00-04:00,19.185910442980276,19.377741399109176,19.04671243218289,19.163707733154297,320924000,0.0,0.0
2021-06-25 00:00:00-04:00,19.23854320175697,19.30340228507346,18.853383514378375,18.989585876464844,278364000,0.0,0.0
2021-06-28 00:00:00-04:00,19.31911966222412,20.03505906064387,19.276961918357816,19.941513061523438,495436000,0.0,0.0
2021-06-29 00:00:00-04:00,19.839238276802046,20.055017215462307,19.614228825317294,19.98317527770996,367632000,0.0,0.0
2021-06-30 00:00:00-04:00,19.95573369553224,20.118628446569623,19.82052857801329,19.95897674560547,326568000,0.0,0.0
2021-07-01 00:00:00-04:00,20.08120776067814,20.411486876492948,19.975437519629107,20.168018341064453,480136000,0.0,0.0
2021-07-02 00:00:00-04:00,20.39577356791263,20.4606326644844,20.243605247031763,20.442420959472656,342764000,0.0,0.0
2021-07-06 00:00:00-04:00,20.692381886809834,20.796654349635,20.30597540861399,20.653467178344727,446708000,0.0,0.0
2021-07-07 00:00:00-04:00,20.808125345658777,20.829578198509008,20.287760440149647,20.327423095703125,418428000,0.0,0.0
2021-07-08 00:00:00-04:00,19.813293005932845,20.089190140861685,19.657881642886462,19.85944175720215,503300000,0.0,0.0
2021-07-09 00:00:00-04:00,19.919059966931105,20.036553903025013,19.711263086319768,20.00661849975586,296624000,0.0,0.0
2021-07-12 00:00:00-04:00,20.195955086147197,20.48806743297832,20.143818879813733,20.467863082885742,321984000,0.0,0.0
2021-07-13 00:00:00-04:00,20.356108292394367,20.416727060901955,20.070232684721518,20.205936431884766,290708000,0.0,0.0
2021-07-14 00:00:00-04:00,20.31344988634673,20.37331878876877,19.709766870329428,19.798322677612305,380100000,0.0,0.0
2021-07-15 00:00:00-04:00,19.768637370819448,19.80381037277872,18.817460888312947,18.924976348876953,550564000,0.0,0.0
2021-07-16 00:00:00-04:00,18.98909801486406,19.115321981672235,18.03368067700474,18.121488571166992,688224000,0.0,0.0
2021-07-19 00:00:00-04:00,17.876266995353383,19.000564215741964,17.826623972951662,18.7388858795166,749060000,0.0,0.0
2021-07-20 00:00:00-04:00,18.689244046846238,18.797008846585275,18.124475648348096,18.571500778198242,434687000,0.0,4.0
2021-07-21 00:00:00-04:00,18.84091257367424,19.484509504843942,18.701217823912717,19.36776351928711,371017000,0.0,0.0
2021-07-22 00:00:00-04:00,19.599260789514425,19.84372662347577,19.23405604931324,19.55136489868164,323826000,0.0,0.0
2021-07-23 00:00:00-04:00,19.613228217905828,19.657133097118134,19.20811154644152,19.51544189453125,195672000,0.0,0.0
2021-07-26 00:00:00-04:00,19.268981181750604,19.399694747654213,18.87284376750394,19.252017974853516,203943000,0.0,0.0
2021-07-27 00:00:00-04:00,19.223081544397687,19.579305114351143,18.70022152493632,19.16620635986328,248863000,0.0,0.0
2021-07-28 00:00:00-04:00,19.276965899598764,19.60325407695573,18.953671453666907,19.4605655670166,202191000,0.0,0.0
2021-07-29 00:00:00-04:00,19.47652463481342,19.809799369383363,19.285940277026736,19.61921501159668,190781000,0.0,0.0
2021-07-30 00:00:00-04:00,19.375744653053818,19.587283223031676,19.221083159467003,19.45656967163086,183497000,0.0,0.0
2021-08-02 00:00:00-04:00,19.65713508536522,19.917566849820094,19.318872022761557,19.7070255279541,217444000,0.0,0.0
2021-08-03 00:00:00-04:00,19.69704544989545,20.177996966088518,19.1781765152806,19.771883010864258,301811000,0.0,0.0
2021-08-04 00:00:00-04:00,19.94650267323402,20.273789984080235,19.784854521282057,20.22988510131836,231309000,0.0,0.0
2021-08-05 00:00:00-04:00,20.455393391942923,20.687886201830914,20.297736245228386,20.59209442138672,211435000,0.0,0.0
2021-08-06 00:00:00-04:00,20.47934102800234,20.525240462439864,20.16602319439342,20.321683883666992,178497000,0.0,0.0
2021-08-09 00:00:00-04:00,20.401509736652816,20.46337510200437,20.09916955101376,20.250839233398438,146443000,0.0,0.0
2021-08-10 00:00:00-04:00,20.277779830942073,20.3855446250121,19.79183812695065,19.892620086669922,179238000,0.0,0.0
2021-08-11 00:00:00-04:00,19.999386898603387,20.005374360631798,19.387721785320753,19.65613555908203,185925000,0.0,0.0
2021-08-12 00:00:00-04:00,19.826763020027222,19.985415523113826,19.577307028801506,19.86168670654297,151652000,0.0,0.0
2021-08-13 00:00:00-04:00,19.86168645238866,20.170014068823807,19.807803106340625,20.14406967163086,183063000,0.0,0.0
2021-08-16 00:00:00-04:00,20.09119218977491,20.242861907282474,19.41067491651548,19.90659523010254,210876000,0.0,0.0
2021-08-17 00:00:00-04:00,19.642166205524603,19.726982240794342,19.225076476781545,19.415660858154297,204585000,0.0,0.0
2021-08-18 00:00:00-04:00,19.45756955911799,19.591278762336874,18.958657519140605,18.998571395874023,285913000,0.0,0.0
2021-08-19 00:00:00-04:00,19.45157783824922,20.450400878679368,18.721170421448875,19.75491714477539,766555000,0.0,0.0
2021-08-20 00:00:00-04:00,19.947498712068025,20.819597432017076,19.889626260196447,20.77070426940918,675741000,0.0,0.0
2021-08-23 00:00:00-04:00,20.925371052132213,21.949137707756602,20.904416836203,21.91022300720215,575807000,0.0,0.0
2021-08-24 00:00:00-04:00,21.705666793578075,21.911217923393153,21.488140739836844,21.74557876586914,297299000,0.0,0.0
2021-08-25 00:00:00-04:00,21.689699269925534,22.421104046091774,21.674732519315285,22.164663314819336,347701000,0.0,0.0
2021-08-26 00:00:00-04:00,22.151697962694005,22.291392741427114,21.742590193662508,22.01998519897461,237940000,0.0,0.0
2021-08-27 00:00:00-04:00,22.135726314905988,22.67255570156208,22.118763109982105,22.586742401123047,304722000,0.0,0.0
2021-08-30 00:00:00-04:00,22.780321114727492,22.992856965224522,22.501928897563953,22.638629913330078,262580000,0.0,0.0
2021-08-31 00:00:00-04:00,22.649608484899172,22.649608484899172,22.07575965768957,22.340229034423828,259850000,0.004,0.0
2021-09-01 00:00:00-04:00,22.44003078877317,22.651606683869026,22.312286528869905,22.3961181640625,201767000,0.0,0.0
2021-09-02 00:00:00-04:00,22.4729653910565,22.54781615826985,22.250411800203647,22.35120964050293,187834000,0.0,0.0
2021-09-03 00:00:00-04:00,22.280350056785053,22.940027335421902,22.155600060730343,22.797313690185547,280532000,0.0,0.0
2021-09-07 00:00:00-04:00,22.78733385604332,22.853201839870717,22.476955038166476,22.616676330566406,198107000,0.0,0.0
2021-09-08 00:00:00-04:00,22.467972834208314,22.56477894891191,21.933043670532644,22.294321060180664,254434000,0.0,0.0
2021-09-09 00:00:00-04:00,22.26737679222793,22.49292462996501,22.086739031677183,22.132646560668945,196856000,0.0,0.0
2021-09-10 00:00:00-04:00,22.30330336880611,22.58074724443228,22.225460252760655,22.43304443359375,248376000,0.0,0.0
2021-09-13 00:00:00-04:00,22.638630171449694,22.91807083396317,21.814282025392032,22.107694625854492,297500000,0.0,0.0
2021-09-14 00:00:00-04:00,22.23045234702803,22.36518259198386,22.041831146210377,22.197519302368164,199755000,0.0,0.0
2021-09-15 00:00:00-04:00,22.26438056010112,22.32226511976402,21.92206617131034,22.296316146850586,166538000,0.0,0.0
2021-09-16 00:00:00-04:00,22.138637279914914,22.232449154371434,21.883148730804567,22.197519302368164,156033000,0.0,0.0
2021-09-17 00:00:00-04:00,22.255396935153808,22.27635484161504,21.78633766897364,21.856197357177734,294503000,0.0,0.0
2021-09-20 00:00:00-04:00,21.103709028083614,21.390135698092887,20.62067774864636,21.070775985717773,349440000,0.0,0.0
2021-09-21 00:00:00-04:00,21.374169751104997,21.382153173900004,20.9081046094801,21.20351219177246,204688000,0.0,0.0
2021-09-22 00:00:00-04:00,21.32326872039302,21.916080624957903,21.1536086323404,21.897119522094727,268726000,0.0,0.0
2021-09-23 00:00:00-04:00,22.095719552405832,22.48993001213596,21.846219550581797,22.437036514282227,248555000,0.0,0.0
2021-09-24 00:00:00-04:00,22.025858944313566,22.104701413701314,21.817277316905088,22.036836624145508,217655000,0.0,0.0
2021-09-27 00:00:00-04:00,21.666579384536945,21.755402086260048,21.282351054358035,21.616680145263672,245215000,0.0,0.0
2021-09-28 00:00:00-04:00,21.17157167227337,21.376161586195817,20.6096960701366,20.65760040283203,343069000,0.0,0.0
2021-09-29 00:00:00-04:00,20.898119820507343,20.97496548286546,20.426064359458852,20.47596549987793,218394000,0.0,0.0
2021-09-30 00:00:00-04:00,20.72646422339066,21.023868566643813,20.646624297322308,20.67456817626953,221009000,0.0,0.0
2021-10-01 00:00:00-04:00,20.708501076159504,20.81728233562724,20.16259416455059,20.700517654418945,240978000,0.0,0.0
2021-10-04 00:00:00-04:00,20.46299270561288,20.500916814054722,19.515891253465572,19.692537307739258,345635000,0.0,0.0
2021-10-05 00:00:00-04:00,19.910099697137067,20.606703614215917,19.814291032214488,20.410097122192383,279282000,0.0,0.0
2021-10-06 00:00:00-04:00,20.07975810118964,20.678556496761352,20.039837192933565,20.658597946166992,297202000,0.0,0.0
2021-10-07 00:00:00-04:00,21.04981455953654,21.279356000810225,20.93005562833921,21.03285026550293,256919000,0.0,0.0
2021-10-08 00:00:00-04:00,21.05879954430364,21.163589095973563,20.73345130466113,20.789339065551758,151258000,0.0,0.0
2021-10-11 00:00:00-04:00,20.53385318866345,21.020876210710632,20.469980099905914,20.65361213684082,163388000,0.0,0.0
2021-10-12 00:00:00-04:00,20.786345257684726,21.014887372593435,20.486945988261173,20.62965965270996,162134000,0.0,0.0
2021-10-13 00:00:00-04:00,20.876163520560485,20.948020023959177,20.67157359423693,20.89712142944336,180652000,0.0,0.0
2021-10-14 00:00:00-04:00,21.245420995880536,21.711485983487282,21.079752654658886,21.702505111694336,243589000,0.0,0.0
2021-10-15 00:00:00-04:00,21.766377503308625,21.887135781751308,21.618674704439137,21.818273544311523,226994000,0.0,0.0
2021-10-18 00:00:00-04:00,21.70550339945593,22.246419237930105,21.60071194866047,22.17755699157715,189494000,0.0,0.0
2021-10-19 00:00:00-04:00,22.23144470744882,22.334239336107192,21.992924316548322,22.245418548583984,161473000,0.0,0.0
2021-10-20 00:00:00-04:00,22.260387756156813,22.38813200041304,21.938033838745277,22.058792114257812,146276000,0.0,0.0
2021-10-21 00:00:00-04:00,22.052808510361146,22.665580896524094,22.038836569760935,22.646617889404297,187590000,0.0,0.0
2021-10-22 00:00:00-04:00,22.777351920065165,23.083737100831723,22.515876811429035,22.680545806884766,249384000,0.0,0.0
2021-10-25 00:00:00-04:00,22.927052272285216,23.308288220189993,22.724459167024005,23.119667053222656,230235000,0.0,0.0
2021-10-26 00:00:00-04:00,23.941023526757064,25.208484047502996,23.87615299049718,24.667566299438477,485898000,0.0,0.0
2021-10-27 00:00:00-04:00,24.425056235559975,25.039823542144607,24.233438869531152,24.402101516723633,245990000,0.0,0.0
2021-10-28 00:00:00-04:00,24.82823956723975,24.900096056194425,24.47395009103581,24.89111328125,234204000,0.0,0.0
2021-10-29 00:00:00-04:00,24.95099734360504,25.65758152328084,24.949999891827137,25.515865325927734,292503000,0.0,0.0
2021-11-01 00:00:00-04:00,25.597701356792015,25.842210283069033,25.17654448689096,25.775344848632812,265740000,0.0,0.0
2021-11-02 00:00:00-04:00,25.77035548395975,26.624642445128146,25.74839822088108,26.348196029663086,294112000,0.0,0.0
2021-11-03 00:00:00-04:00,26.61666012204164,26.730432442031542,26.18253065428249,26.544803619384766,239910000,0.0,0.0
2021-11-04 00:00:00-04:00,27.174543161407875,31.302271004149627,27.063765096132737,29.74139976501465,1153631000,0.0,0.0
2021-11-05 00:00:00-04:00,30.12662479171835,31.33719807733602,29.351178403482844,29.692495346069336,851260000,0.0,0.0
2021-11-08 00:00:00-05:00,30.08870279475301,31.03780102773412,29.847186211043937,30.742393493652344,503101000,0.0,0.0
2021-11-09 00:00:00-05:00,32.21743788200978,32.24538176052157,29.904073062161725,30.595685958862305,646746000,0.0,0.0
2021-11-10 00:00:00-05:00,29.297288898468018,30.788300380706787,28.72044387817383,29.400081634521484,636206000,0.0,0.0
2021-11-11 00:00:00-05:00,30.407066751750182,30.528822502241727,29.717448713895042,30.329221725463867,332172000,0.0,0.0
2021-11-12 00:00:00-05:00,29.949982533826823,30.618642661438358,29.570741438655702,30.329221725463867,413054000,0.0,0.0
2021-11-15 00:00:00-05:00,30.490895063626596,30.582710116516562,29.18850480100887,29.964948654174805,384909000,0.0,0.0
2021-11-16 00:00:00-05:00,29.699484919054914,30.329221578709124,29.646589514238254,30.142595291137695,264484000,0.0,0.0
2021-11-17 00:00:00-05:00,30.357162043693286,30.447981547626284,28.74239807841578,29.202476501464844,428508000,0.0,0.0
2021-11-18 00:00:00-05:00,32.30226783384212,32.6944795952981,31.258358361821458,31.611650466918945,781711000,0.0,0.0
2021-11-19 00:00:00-05:00,32.178512688057836,33.021823871138935,31.841189356945705,32.919029235839844,533867000,0.0,0.0
2021-11-22 00:00:00-05:00,33.449964882586336,34.577705968394476,31.83620017907103,31.892087936401367,754335000,0.0,0.0
2021-11-23 00:00:00-05:00,31.471931920487798,32.295282736128016,30.81824119216291,31.682510375976562,532163000,0.0,0.0
2021-11-24 00:00:00-05:00,31.398080594044345,32.789291790947665,30.86614561342591,32.6086540222168,435162000,0.0,0.0
2021-11-26 00:00:00-05:00,32.534801023331475,32.64458164105371,31.287302829236772,31.43999671936035,283069000,0.0,0.0
2021-11-29 00:00:00-05:00,32.30127147962138,33.345177180046036,31.97192962824051,33.30924987792969,454964000,0.0,0.0
2021-11-30 00:00:00-05:00,33.10266317583272,33.28629710821385,31.800274678211608,32.61064910888672,622066000,0.0,0.0
2021-12-01 00:00:00-05:00,33.15662113034689,33.22648937553363,31.321071910811057,31.37596893310547,484368000,0.004,0.0
2021-12-02 00:00:00-05:00,31.155387614153444,32.41701403682196,30.96674143360622,32.065673828125,472890000,0.0,0.0
2021-12-03 00:00:00-05:00,31.939909415701194,32.06866878992762,30.073420121563696,30.635364532470703,544325000,0.0,0.0
2021-12-06 00:00:00-05:00,29.823893662476696,30.18421587582524,27.98535331928716,29.980600357055664,658938000,0.0,0.0
2021-12-07 00:00:00-05:00,30.89886355698586,32.3880621631981,30.593436564190252,32.3661003112793,593053000,0.0,0.0
2021-12-08 00:00:00-05:00,31.938916569509956,32.229370529276096,31.362000849872988,31.7662410736084,475551000,0.0,0.0
2021-12-09 00:00:00-05:00,31.67440845151027,32.14452657125806,30.370861130677735,30.4327449798584,488507000,0.0,0.0
2021-12-10 00:00:00-05:00,31.091506489093447,31.246216117140634,29.804927400904397,30.141294479370117,488825000,0.0,0.0
2021-12-13 00:00:00-05:00,30.192200470205613,30.23711604757903,28.063204387226193,28.10811996459961,598344000,0.0,0.0
2021-12-14 00:00:00-05:00,27.646988094330553,28.62414988562298,27.198831790185054,28.283790588378906,667035000,0.0,0.0
2021-12-15 00:00:00-05:00,28.346670328673337,30.442727346391397,27.78572537359082,30.401803970336914,698297000,0.0,0.0
2021-12-16 00:00:00-05:00,31.0935036779133,31.101488076890632,28.040247806036877,28.333694458007812,707366000,0.0,0.0
2021-12-17 00:00:00-05:00,27.932452886899153,28.867693746505232,27.707874990959684,27.748798370361328,713758000,0.0,0.0
2021-12-20 00:00:00-05:00,27.25372618139717,28.09114947961292,27.09402678635236,27.666948318481445,461847000,0.0,0.0
2021-12-21 00:00:00-05:00,28.320717191267374,29.065316571908873,27.349542904554657,29.020401000976562,524385000,0.0,0.0
2021-12-22 00:00:00-05:00,28.836746480611346,29.499499116629394,28.395575169968165,29.344789505004883,395184000,0.0,0.0
2021-12-23 00:00:00-05:00,29.699124872385887,30.002554870487856,29.37573387738273,29.584341049194336,343022000,0.0,0.0
2021-12-27 00:00:00-05:00,29.604307224653834,31.028627790469503,29.584344321777383,30.88689422607422,403686000,0.0,0.0
2021-12-28 00:00:00-05:00,31.253199158165472,31.271165005493497,29.955639298824718,30.265058517456055,420591000,0.0,0.0
2021-12-29 00:00:00-05:00,30.21615258320105,30.490635793883296,29.310854299985547,29.94466209411621,343139000,0.0,0.0
2021-12-30 00:00:00-05:00,29.770989859620535,30.399807897690028,29.484530043487673,29.53044319152832,308864000,0.0,0.0
2021-12-31 00:00:00-05:00,29.618276726205597,29.973609113306747,29.275920414532827,29.355770111083984,266530000,0.0,0.0
2022-01-03 00:00:00-05:00,29.759010841007193,30.65332814811458,29.72906649275533,30.064435958862305,391547000,0.0,0.0
2022-01-04 00:00:00-05:00,30.22014674983897,30.410788077798994,28.295767620650075,29.235000610351562,527154000,0.0,0.0
2022-01-05 00:00:00-05:00,28.89463569155659,29.360759665506105,27.481296355147737,27.552162170410156,498064000,0.0,0.0
2022-01-06 00:00:00-05:00,27.588097870851954,28.384599746692302,27.014178729970627,28.12508773803711,454186000,0.0,0.0
2022-01-07 00:00:00-05:00,28.088157358592493,28.36862983168805,27.006191363941724,27.19583511352539,409939000,0.0,0.0
2022-01-10 00:00:00-05:00,26.53108838442594,27.417421479287018,25.59584750980555,27.34855079650879,594681000,0.0,0.0
2022-01-11 00:00:00-05:00,27.271694808280543,28.012302113287383,26.788604374623805,27.764766693115234,404089000,0.0,0.0
2022-01-12 00:00:00-05:00,28.01429568316571,28.541304091564665,27.55615795137803,27.94642448425293,383413000,0.0,0.0
2022-01-13 00:00:00-05:00,28.32571023755515,28.426520414405754,26.448241820891543,26.52509880065918,540171000,0.0,0.0
2022-01-14 00:00:00-05:00,26.25061238008451,27.145929233083393,26.160781232241586,26.891407012939453,395832000,0.0,0.0
2022-01-18 00:00:00-05:00,26.21069250845789,26.58798300658738,25.721612797184033,25.85436248779297,424270000,0.0,0.0
2022-01-19 00:00:00-05:00,26.03002865451013,26.49315614018337,25.00495675510724,25.019927978515625,488315000,0.0,0.0
2022-01-20 00:00:00-05:00,25.256484737844872,25.530967959224068,24.032785197192773,24.104650497436523,435181000,0.0,0.0
2022-01-21 00:00:00-05:00,23.46285831524654,24.77638710347708,23.219317018447754,23.330108642578125,718958000,0.0,0.0
2022-01-24 00:00:00-05:00,22.288072150275717,23.336099863365643,20.848780275344495,23.328115463256836,913982000,0.0,0.0
2022-01-25 00:00:00-05:00,22.50366102354194,22.8999167724202,21.958686813841695,22.28207778930664,664616000,0.0,0.0
2022-01-26 00:00:00-05:00,23.19635817285273,24.011823393066905,22.258122833549013,22.729236602783203,755959000,0.0,0.0
2022-01-27 00:00:00-05:00,23.523744891563638,23.949943118284583,21.634298006261155,21.902793884277344,573353000,0.0,0.0
2022-01-28 00:00:00-05:00,21.970663459736492,22.815075451930607,21.25600841056538,22.797109603881836,543774000,0.0,0.0
2022-01-31 00:00:00-05:00,23.138469245849574,24.462979042497025,23.008714190792233,24.440021514892578,564680000,0.0,0.0
2022-02-01 00:00:00-05:00,25.05685845677424,25.09778183030343,23.84513747035358,24.591733932495117,518925000,0.0,0.0
2022-02-02 00:00:00-05:00,25.745564557034434,25.768520179599825,24.50689378433657,25.19460105895996,543419000,0.0,0.0
2022-02-03 00:00:00-05:00,24.412072945866115,25.02991006972771,23.735346596985227,23.903030395507812,410178000,0.0,0.0
2022-02-04 00:00:00-05:00,23.926987851249987,24.58874304148343,23.58762611760375,24.27333641052246,354829000,0.0,0.0
2022-02-07 00:00:00-05:00,24.326233838969966,25.134712282580423,24.156552989938934,24.68156623840332,376868000,0.0,0.0
2022-02-08 00:00:00-05:00,24.313256122719576,25.18262078390115,23.93496812631072,25.060850143432617,410359000,0.0,0.0
2022-02-09 00:00:00-05:00,25.573887273298517,26.67481672211375,25.305393294577186,26.65485382080078,524282000,0.0,0.0
2022-02-10 00:00:00-05:00,25.946187300267976,26.874439342581965,25.55192857628441,25.7755069732666,513200000,0.0,0.0
2022-02-11 00:00:00-05:00,25.867337326872903,26.10289424544427,23.728361635023283,23.904029846191406,605472000,0.0,0.0
2022-02-14 00:00:00-05:00,23.88905685535075,24.828289834461444,23.71039212787544,24.221431732177734,440424000,0.0,0.0
2022-02-15 00:00:00-05:00,24.902151144512242,26.495154907933625,24.73746196505149,26.445249557495117,699869000,0.0,0.0
2022-02-16 00:00:00-05:00,26.209690287916487,26.53208369636032,25.504017197511143,26.46121597290039,732676000,0.0,0.0
2022-02-17 00:00:00-05:00,25.58187581143582,25.736585465992597,24.119628273361336,24.46098518371582,810595000,0.0,0.0
2022-02-18 00:00:00-05:00,24.621679168224247,24.939082838737185,23.0566245770059,23.597606658935547,761255000,0.0,0.0
2022-02-22 00:00:00-05:00,22.991744051609302,24.018811095215657,22.95680992793337,23.34607696533203,633422000,0.0,0.0
2022-02-23 00:00:00-05:00,23.757307042781296,24.109644854532323,22.259126017978552,22.34496307373047,566511000,0.0,0.0
2022-02-24 00:00:00-05:00,20.975534209024268,23.755303957687456,20.850768953146147,23.703401565551758,735801000,0.0,0.0
2022-02-25 00:00:00-05:00,23.676460671744685,24.171527737456387,23.33709892420911,24.11164093017578,528866000,0.0,0.0
2022-02-28 00:00:00-05:00,23.946948828939572,24.61868541660264,23.662484149159184,24.339210510253906,477319000,0.0,0.0
2022-03-01 00:00:00-05:00,24.245389278934127,24.331228238847523,23.088565131328828,23.43291664123535,412056000,0.0,0.0
2022-03-02 00:00:00-05:00,23.715432041378097,24.367316781648878,23.375014768229686,24.178638458251953,389642000,0.004,0.0
2022-03-03 00:00:00-05:00,24.22056647728967,24.284458264860728,23.428921428845516,23.673503875732422,365095000,0.0,0.0
2022-03-04 00:00:00-05:00,23.34406833240123,23.63956238620593,22.4436082353797,22.896833419799805,431415000,0.0,0.0
2022-03-07 00:00:00-05:00,22.778034872590876,22.99366751768787,21.293574708172034,21.315536499023438,450821000,0.0,0.0
2022-03-08 00:00:00-05:00,21.27261074323102,22.33479293322112,20.6147357181617,21.47726058959961,557467000,0.0,0.0
2022-03-09 00:00:00-05:00,22.348768938523044,23.180346610441433,22.209008625290192,22.974699020385742,492742000,0.0,0.0
2022-03-10 00:00:00-05:00,22.492522642258592,22.749083717994683,21.844630809621485,22.619306564331055,428066000,0.0,0.0
2022-03-11 00:00:00-05:00,22.982686118608612,23.105477175893597,22.00835294083889,22.0622615814209,367209000,0.0,0.0
2022-03-14 00:00:00-04:00,21.83165636562604,22.223984935444683,21.1228696629952,21.293577194213867,385354000,0.0,0.0
2022-03-15 00:00:00-04:00,21.48125396490625,22.998658760543933,21.285589521638904,22.93376922607422,491996000,0.0,0.0
2022-03-16 00:00:00-04:00,23.459868905600338,24.55499567382149,23.132429916714216,24.45416831970215,671422000,0.0,0.0
2022-03-17 00:00:00-04:00,24.07880676643032,24.79957189466833,23.86517155209598,24.723703384399414,471941000,0.0,0.0
2022-03-18 00:00:00-04:00,24.756652455248965,26.52363042032635,24.581952050830978,26.407827377319336,730719000,0.0,0.0
2022-03-21 00:00:00-04:00,26.461731433617647,27.10563036248749,25.922652729236027,26.688343048095703,591727000,0.0,0.0
2022-03-22 00:00:00-04:00,26.681354978763657,27.19148387841612,26.02747480478171,26.478702545166016,547007000,0.0,0.0
2022-03-23 00:00:00-04:00,26.08138369887488,26.56655381048961,25.53132595965773,25.590225219726562,502120000,0.0,0.0
2022-03-24 00:00:00-04:00,26.121312155703695,28.271632726612996,25.86275371799065,28.1019229888916,877379000,0.0,0.0
2022-03-25 00:00:00-04:00,27.838377575117967,28.309571642559767,27.224428065194378,27.64470863342285,579016000,0.0,0.0
2022-03-28 00:00:00-04:00,27.7086001365783,28.20175598887805,27.159538258056838,28.170808792114258,425494000,0.0,0.0
2022-03-29 00:00:00-04:00,28.6459981600016,28.896568986937016,27.9322189903462,28.607065200805664,488984000,0.0,0.0
2022-03-30 00:00:00-04:00,28.255665321691023,28.447336874317333,27.456032617686752,27.64271354675293,463487000,0.0,0.0
2022-03-31 00:00:00-04:00,27.734559921148207,28.199763798184506,27.223435064476828,27.23940658569336,523440000,0.0,0.0
2022-04-01 00:00:00-04:00,27.32824968844568,27.449043337221056,26.222142099994546,26.6663818359375,517235000,0.0,0.0
2022-04-04 00:00:00-04:00,26.68235376250026,27.510936187528703,26.567550391428444,27.313274383544922,397120000,0.0,0.0
2022-04-05 00:00:00-04:00,27.20745547738951,27.27234500388807,25.775904439568993,25.886714935302734,436615000,0.0,0.0
2022-04-06 00:00:00-04:00,24.891422632572734,25.256796872866513,23.96201265504261,24.36532211303711,703833000,0.0,0.0
2022-04-07 00:00:00-04:00,24.399266069354333,24.679786388510596,23.43791108263458,24.166664123535156,557992000,0.0,0.0
2022-04-08 00:00:00-04:00,23.876156866031682,23.882147137772087,23.022617402591134,23.079519271850586,524781000,0.0,0.0
2022-04-11 00:00:00-04:00,22.176061741606002,22.28187970042774,21.623007056905823,21.879568099975586,575207000,0.0,0.0
2022-04-12 00:00:00-04:00,22.4985084297326,22.68618705964113,21.24565084938565,21.46727180480957,662258000,0.0,0.0
2022-04-13 00:00:00-04:00,21.690895614899215,22.461576626486607,21.418361102559462,22.165082931518555,516943000,0.0,0.0
2022-04-14 00:00:00-04:00,22.466567076302507,22.73810384262481,21.12685977186601,21.221696853637695,569097000,0.0,0.0
2022-04-18 00:00:00-04:00,21.163795480742376,22.050277541011962,21.043001834669003,21.745800018310547,525701000,0.0,0.0
2022-04-19 00:00:00-04:00,21.682905196864947,22.334789860508018,21.277598439686166,22.16008949279785,512781000,0.0,0.0
2022-04-20 00:00:00-04:00,22.47854273251192,22.63128129732134,21.163792640266458,21.445310592651367,468974000,0.0,0.0
2022-04-21 00:00:00-04:00,21.671925898282147,22.35376006262199,19.965844823683895,20.14853286743164,656209000,0.0,0.0
2022-04-22 00:00:00-04:00,20.26832667198084,20.451014713943,19.466698512825126,19.481672286987305,624713000,0.0,0.0
2022-04-25 00:00:00-04:00,19.16920802436078,19.91093921882449,19.063390048047005,19.868013381958008,641566000,0.0,0.0
2022-04-26 00:00:00-04:00,19.684326774794854,19.754206926852167,18.638116173473357,18.75591468811035,653143000,0.0,0.0
2022-04-27 00:00:00-04:00,18.566238691083928,19.134267220532678,18.258766021013585,18.38355255126953,499460000,0.0,0.0
2022-04-28 00:00:00-04:00,18.934611579934238,20.00278607972816,18.4584268066482,19.748220443725586,570327000,0.0,0.0
2022-04-29 00:00:00-04:00,19.368870870584153,20.09363103404114,18.48538180882854,18.515331268310547,500435000,0.0,0.0
2022-05-02 00:00:00-04:00,18.509335031481665,19.54056985790843,18.359591590505797,19.49964141845703,572049000,0.0,0.0
2022-05-03 00:00:00-04:00,19.366866825696302,19.791142120871008,19.100322630550238,19.56852149963379,475751000,0.0,0.0
2022-05-04 00:00:00-04:00,19.888977026520188,20.365161718492175,18.718977614571205,20.299274444580078,648855000,0.0,0.0
2022-05-05 00:00:00-04:00,19.833072767192327,19.890972377380162,18.468406678635336,18.811819076538086,626331000,0.0,0.0
2022-05-06 00:00:00-04:00,18.704005022182386,19.478678935531164,17.959278659901084,18.643108367919922,633297000,0.0,0.0
2022-05-09 00:00:00-04:00,18.00319924304466,18.223820552455635,16.79826000636627,16.921051025390625,644455000,0.0,0.0
2022-05-10 00:00:00-04:00,17.658790274672434,18.16692179202985,16.995924681678712,17.564950942993164,761474000,0.0,0.0
2022-05-11 00:00:00-04:00,17.317373229666945,17.72267996051079,16.539704351801845,16.60159683227539,670167000,0.0,0.0
2022-05-12 00:00:00-04:00,16.191300586884303,16.759329075995733,15.540414616819776,16.147375106811523,708728000,0.0,0.0
2022-05-13 00:00:00-04:00,16.759328802187234,17.897381249402734,16.56466213664681,17.67576026916504,670437000,0.0,0.0
2022-05-16 00:00:00-04:00,17.479100500246304,17.75762337919923,17.07678882882922,17.23451805114746,521446000,0.0,0.0
2022-05-17 00:00:00-04:00,18.043135103647145,18.339628811214656,17.6038878463426,18.145959854125977,585830000,0.0,0.0
2022-05-18 00:00:00-04:00,17.674767172797246,18.087062047786777,16.835203645867455,16.909076690673828,545161000,0.0,0.0
2022-05-19 00:00:00-04:00,16.908074268152976,17.65679337398476,16.705419942914983,17.094755172729492,621310000,0.0,0.0
2022-05-20 00:00:00-04:00,17.302404028802552,17.380269949897603,15.728096349774141,16.66549301147461,739105000,0.0,0.0
2022-05-23 00:00:00-04:00,16.24620947993144,16.886115607263786,16.151372394439942,16.869144439697266,639889000,0.0,0.0
2022-05-24 00:00:00-04:00,16.481804357923348,16.568655672206447,15.753050560952556,16.12641143798828,588550000,0.0,0.0
2022-05-25 00:00:00-04:00,15.992643408404739,17.081779932453724,15.972677105041479,16.946012496948242,781132000,0.0,0.0
2022-05-26 00:00:00-04:00,16.008615436483225,18.06110426597355,15.994639404503166,17.82051658630371,996575000,0.0,0.0
2022-05-27 00:00:00-04:00,18.15494457145089,18.848757414573335,18.06909099199113,18.77887725830078,738379000,0.0,0.0
2022-05-31 00:00:00-04:00,18.947586503994447,19.167212018261754,18.318663222436633,18.640113830566406,664100000,0.0,0.0
2022-06-01 00:00:00-04:00,18.692028651135313,19.02046543334281,18.09105541167856,18.28871726989746,544514000,0.0,0.0
2022-06-02 00:00:00-04:00,18.260759431492897,19.58549275087521,18.16692010850967,19.55853843688965,648656000,0.0,0.0
2022-06-03 00:00:00-04:00,19.049415398458525,19.29898848654268,18.4903703102041,18.688032150268555,598779000,0.0,0.0
2022-06-06 00:00:00-04:00,19.106315501617136,19.303977323382476,18.532296690528412,18.753917694091797,422406000,0.0,0.0
2022-06-07 00:00:00-04:00,18.440459121476394,18.967557437888473,18.1569436563537,18.89368438720703,388914000,0.0,0.0
2022-06-08 00:00:00-04:00,18.77086547818262,19.151295797176143,18.507260637666125,18.620092391967773,363252000,0.004,0.0
2022-06-09 00:00:00-04:00,18.45334292378822,18.90466614225992,18.01400087811486,18.0209903717041,395574000,0.0,0.0
2022-06-10 00:00:00-04:00,17.573659508927918,17.670514456691603,16.843752654177802,16.948596954345703,465248000,0.0,0.0
2022-06-13 00:00:00-04:00,15.976053248755155,16.28758656135301,15.582642884178728,15.623581886291504,604153000,0.0,0.0
2022-06-14 00:00:00-04:00,15.707455432559659,16.04195407771658,15.38893263459224,15.812298774719238,469680000,0.0,0.0
2022-06-15 00:00:00-04:00,16.070913211563653,16.84275713625999,15.902166446957503,16.502267837524414,563936000,0.0,0.0
2022-06-16 00:00:00-04:00,15.836261284395105,15.918139282645747,15.377948655928876,15.577649116516113,545749000,0.0,0.0
2022-06-17 00:00:00-04:00,15.624580465017962,15.971061255573002,15.305059692003363,15.856233596801758,630334000,0.0,0.0
2022-06-21 00:00:00-04:00,16.450342951812708,16.98254427360462,16.382443932239894,16.54120635986328,483089000,0.0,0.0
2022-06-22 00:00:00-04:00,16.201715745427563,16.637064043706904,16.155785062066073,16.33551597595215,437135000,0.0,0.0
2022-06-23 00:00:00-04:00,16.49427470172325,16.56017590264097,15.82927210712029,16.200716018676758,463680000,0.0,0.0
2022-06-24 00:00:00-04:00,16.47530408880498,17.114345577356953,16.285587932705912,17.100366592407227,472153000,0.0,0.0
2022-06-27 00:00:00-04:00,17.28608771084689,17.304060418059763,16.60111369139191,16.84375,427968000,0.0,0.0
2022-06-28 00:00:00-04:00,16.874706609804687,17.176254673926298,15.921135965503867,15.958081245422363,461149000,0.0,0.0
2022-06-29 00:00:00-04:00,15.790331967796002,15.796322553618783,15.147295762714824,15.518738746643066,482352000,0.0,0.0
2022-06-30 00:00:00-04:00,15.33800982366456,15.54370183870061,14.839757062154757,15.136312484741211,686070000,0.0,0.0
2022-07-01 00:00:00-04:00,14.876703230851554,15.040457356588869,14.370462006670746,14.501265525817871,577610000,0.0,0.0
2022-07-05 00:00:00-04:00,14.15378316395929,14.948591245219017,14.033962893267983,14.941601753234863,651397000,0.0,0.0
2022-07-06 00:00:00-04:00,14.987533889365901,15.296071406347052,14.766864002525546,15.107354164123535,529066000,0.0,0.0
2022-07-07 00:00:00-04:00,15.432866963873742,15.921134433623129,15.365966855854396,15.834264755249023,492903000,0.0,0.0
2022-07-08 00:00:00-04:00,15.406905495536062,16.01299732041697,15.36596649650815,15.814294815063477,467972000,0.0,0.0
2022-07-11 00:00:00-04:00,15.502761873163315,15.503760780191186,15.015492358677458,15.129322052001953,437321000,0.0,0.0
2022-07-12 00:00:00-04:00,15.245147788988149,15.407903930924364,14.854733210647337,15.059426307678223,458483000,0.0,0.0
2022-07-13 00:00:00-04:00,14.568162782764913,15.351987693110564,14.443349874690844,15.141303062438965,521918000,0.0,0.0
2022-07-14 00:00:00-04:00,15.085387539536947,15.449841012627651,14.705956174255292,15.348992347717285,456235000,0.0,0.0
2022-07-15 00:00:00-04:00,15.63556256771924,15.7583776582345,15.42188217437437,15.738408088684082,385935000,0.0,0.0
2022-07-18 00:00:00-04:00,16.277599846502987,16.871708588039752,15.978049636625952,16.076900482177734,670517000,0.0,0.0
2022-07-19 00:00:00-04:00,16.461322974427713,17.08438948786267,16.14779380840067,16.96656608581543,702366000,0.0,0.0
2022-07-20 00:00:00-04:00,16.921634448859162,17.906158677551105,16.77585307121682,17.780345916748047,760538000,0.0,0.0
2022-07-21 00:00:00-04:00,17.858229609254288,18.11684080550693,17.51873837557284,18.022981643676758,557049000,0.0,0.0
2022-07-22 00:00:00-04:00,17.866215750991845,17.9401043867404,17.111346883745185,17.293075561523438,536671000,0.0,0.0
2022-07-25 00:00:00-04:00,16.993530128152987,17.098374442825403,16.624084900526917,16.998523712158203,480748000,0.0,0.0
2022-07-26 00:00:00-04:00,16.863726997863147,16.893682791052008,16.45334272499636,16.50826072692871,397865000,0.0,0.0
2022-07-27 00:00:00-04:00,17.006505688070522,17.90915379359475,16.887684328108215,17.76337242126465,569776000,0.0,0.0
2022-07-28 00:00:00-04:00,17.948099252493762,18.11285132551221,17.413900078216113,17.95708465576172,474646000,0.0,0.0
2022-07-29 00:00:00-04:00,17.78633814776451,18.21669280545941,17.66551896482929,18.135814666748047,435460000,0.0,0.0
2022-08-01 00:00:00-04:00,18.154787499892723,18.81779520091153,17.9630754163842,18.413400650024414,476469000,0.0,0.0
2022-08-02 00:00:00-04:00,18.094875397521523,18.909654023480293,18.064919614801017,18.49827003479004,489527000,0.0,0.0
2022-08-03 00:00:00-04:00,18.15678654069037,18.939613632599258,18.10985599539617,18.86472511291504,418146000,0.0,0.0
2022-08-04 00:00:00-04:00,18.820789717458855,19.245152860108632,18.731922222497296,19.186241149902344,409652000,0.0,0.0
2022-08-05 00:00:00-04:00,18.781845979871633,19.200219474774293,18.638062407878817,18.96057891845703,386068000,0.0,0.0
2022-08-08 00:00:00-04:00,17.475805938276682,18.211702398582386,17.21619484617893,17.766368865966797,981859000,0.0,0.0
2022-08-09 00:00:00-04:00,17.226182466438885,17.420890336046963,16.698972762456076,17.0604305267334,668263000,0.0,0.0
2022-08-10 00:00:00-04:00,17.67151089037589,18.09088234146553,17.291080625113878,18.069913864135742,597422000,0.0,0.0
2022-08-11 00:00:00-04:00,18.10386215444923,18.679000214676687,17.84924277028403,17.915143966674805,509327000,0.0,0.0
2022-08-12 00:00:00-04:00,18.13282160224221,18.689987063498222,17.926130666995633,18.680999755859375,478094000,0.0,0.0
2022-08-15 00:00:00-04:00,18.673013135310004,19.13531957512626,18.58514548730983,19.003517150878906,457666000,0.0,0.0
2022-08-16 00:00:00-04:00,18.89167942701642,19.113347245303892,18.47330598796617,18.850740432739258,451240000,0.0,0.0
2022-08-17 00:00:00-04:00,18.495276393362314,18.660028439075308,18.117841906309852,18.30755615234375,446799000,0.0,0.0
2022-08-18 00:00:00-04:00,18.273609874972294,18.83676492537196,18.155786452602086,18.744903564453125,415447000,0.0,0.0
2022-08-19 00:00:00-04:00,18.378452160239146,18.49228185814888,17.743404371604452,17.82228660583496,441588000,0.0,0.0
2022-08-22 00:00:00-04:00,17.463819769440775,17.53171877553874,16.940603954107115,17.008502960205078,409593000,0.0,0.0
2022-08-23 00:00:00-04:00,16.96357281252585,17.438860213737485,16.944600244332623,17.155284881591797,369986000,0.0,0.0
2022-08-24 00:00:00-04:00,16.98653564207085,17.379946910113844,16.86971209270248,17.19622230529785,522661000,0.0,0.0
2022-08-25 00:00:00-04:00,16.81879189500821,17.92014183505132,16.80780867706526,17.886192321777344,770691000,0.0,0.0
2022-08-26 00:00:00-04:00,17.830276401600646,17.89717556881222,16.212699979656055,16.235666275024414,769127000,0.0,0.0
2022-08-29 00:00:00-04:00,15.996023465490442,16.313546405492897,15.743401869330192,15.777350425720215,496132000,0.0,0.0
2022-08-30 00:00:00-04:00,15.936114218575517,16.01499550682962,15.159278699334202,15.44485092163086,530181000,0.0,0.0
2022-08-31 00:00:00-04:00,15.36097515498697,15.516741812619589,14.936611046484066,15.071409225463867,573710000,0.0,0.0
2022-09-01 00:00:00-04:00,14.187732809926837,14.358477351582556,13.250139048117646,13.91614055633545,1178865000,0.0,0.0
2022-09-02 00:00:00-04:00,14.07889558343556,14.149788457837982,13.5706566746226,13.62657356262207,743157000,0.0,0.0
2022-09-06 00:00:00-04:00,13.710447806930752,13.758376297193559,13.33101646500855,13.444846153259277,535751000,0.0,0.0
2022-09-07 00:00:00-04:00,13.546723376036894,13.821393932355406,13.329983780410366,13.697542190551758,512657000,0.004,0.0
2022-09-08 00:00:00-04:00,13.44284836961819,13.991190289829662,13.352957172850122,13.973211288452148,624873000,0.0,0.0
2022-09-09 00:00:00-04:00,14.140012160343346,14.45663217073669,14.109050173580943,14.369736671447754,486612000,0.0,0.0
2022-09-12 00:00:00-04:00,14.3517581199462,14.529544023025807,14.18096283409226,14.487594604492188,484159000,0.0,0.0
2022-09-13 00:00:00-04:00,13.78543726600946,13.90529314840451,13.083280816767804,13.115242004394531,714956000,0.0,0.0
2022-09-14 00:00:00-04:00,13.238094763310873,13.274051814379163,12.897504363348427,13.1122465133667,588507000,0.0,0.0
2022-09-15 00:00:00-04:00,12.999383731864688,13.217121614092488,12.774653326840804,12.91348648071289,523625000,0.0,0.0
2022-09-16 00:00:00-04:00,12.726710080303743,13.196146378501451,12.601860071928924,13.18216323852539,670751000,0.0,0.0
2022-09-19 00:00:00-04:00,12.996386103706838,13.446845131626862,12.994388648426849,13.365942001342773,569685000,0.0,0.0
2022-09-20 00:00:00-04:00,13.199140473178371,13.466818488592724,13.041330100875626,13.160186767578125,524818000,0.0,0.0
2022-09-21 00:00:00-04:00,13.197145836696041,14.01416414721641,13.09426878771303,13.245087623596191,807679000,0.0,0.0
2022-09-22 00:00:00-04:00,13.054315095432624,13.133220764262274,12.413086279296454,12.545926094055176,759162000,0.0,0.0
2022-09-23 00:00:00-04:00,12.405096807170457,12.595867603171111,12.24229229089388,12.500981330871582,663309000,0.0,0.0
2022-09-26 00:00:00-04:00,12.476010375556603,12.643808988477637,12.19934236212235,12.213325500488281,547343000,0.0,0.0
2022-09-27 00:00:00-04:00,12.491993653510724,12.72071898311097,12.243292815893593,12.398106575012207,553854000,0.0,0.0
2022-09-28 00:00:00-04:00,12.395108402179584,12.807612927319292,12.339175843524695,12.720717430114746,542414000,0.0,0.0
2022-09-29 00:00:00-04:00,12.433062663982527,12.485000310997714,11.931665196277407,12.205336570739746,532763000,0.0,0.0
2022-09-30 00:00:00-04:00,12.072495870113585,12.617841167209532,12.060510185916865,12.124433517456055,565638000,0.0,0.0
2022-10-03 00:00:00-04:00,12.332184417959828,12.66278756428956,12.090474225179374,12.496986389160156,547478000,0.0,0.0
2022-10-04 00:00:00-04:00,12.86354576862045,13.204137147620418,12.86354576862045,13.151200294494629,584182000,0.0,0.0
2022-10-05 00:00:00-04:00,12.895507767366093,13.305015637695266,12.605855789387167,13.19314956665039,507131000,0.0,0.0
2022-10-06 00:00:00-04:00,13.20413661584121,13.639613297811657,13.087276433613106,13.11424446105957,644157000,0.0,0.0
2022-10-07 00:00:00-04:00,12.489992262443087,12.654794199907112,12.007572132096556,12.061507225036621,672478000,0.0,0.0
2022-10-10 00:00:00-04:00,12.022554573324271,12.109450061368408,11.394309701013055,11.65599536895752,698699000,0.0,0.0
2022-10-11 00:00:00-04:00,11.54712530241212,11.831783116282546,11.269459057232412,11.57209587097168,667482000,0.0,0.0
2022-10-12 00:00:00-04:00,11.56510792783292,11.720919942853115,11.331388476507488,11.486202239990234,492590000,0.0,0.0
2022-10-13 00:00:00-04:00,10.957834660470665,12.063506625372144,10.800024266039834,11.945648193359375,850103000,0.0,0.0
2022-10-14 00:00:00-04:00,12.04253056747167,12.09646566306745,11.190554564271359,11.213526725769043,713432000,0.0,0.0
2022-10-17 00:00:00-04:00,11.504178571709462,11.93366289601578,11.503180320321372,11.873734474182129,580774000,0.0,0.0
2022-10-18 00:00:00-04:00,12.329186050392929,12.477008202026717,11.604057477583986,11.952638626098633,659362000,0.0,0.0
2022-10-19 00:00:00-04:00,11.86474459720197,12.33518005536354,11.819798522186153,12.036538124084473,523131000,0.0,0.0
2022-10-20 00:00:00-04:00,12.098464887612497,12.753677855723845,12.090474113843353,12.179368019104004,652398000,0.0,0.0
2022-10-21 00:00:00-04:00,12.083482766993896,12.483003364755136,11.87273646370664,12.451041221618652,609494000,0.0,0.0
2022-10-24 00:00:00-04:00,12.492990972974244,12.694748240906902,12.049523522041948,12.583881378173828,517457000,0.0,0.0
2022-10-25 00:00:00-04:00,12.678768538595111,13.284041337515678,12.64880385018628,13.245087623596191,505482000,0.0,0.0
2022-10-26 00:00:00-04:00,12.853557561264791,13.37193385912893,12.692750510711289,12.880524635314941,532953000,0.0,0.0
2022-10-27 00:00:00-04:00,13.613642382343244,13.82139293879846,13.106251673502987,13.160186767578125,583113000,0.0,0.0
2022-10-28 00:00:00-04:00,13.08827547211294,13.833380571967435,13.04532685053314,13.817399024963379,521040000,0.0,0.0
2022-10-31 00:00:00-04:00,13.761465456417449,13.821393871952449,13.281042738443825,13.480802536010742,486341000,0.0,0.0
2022-11-01 00:00:00-04:00,13.794426707412695,13.908290227767797,13.502777289517077,13.526748657226562,432817000,0.0,0.0
2022-11-02 00:00:00-04:00,13.833381731127423,14.192949423309877,13.19514852979882,13.20313835144043,672628000,0.0,0.0
2022-11-03 00:00:00-04:00,13.027349108120536,13.76446345186093,12.94045361155459,13.404894828796387,500065000,0.0,0.0
2022-11-04 00:00:00-04:00,13.969217209960792,14.211925646505437,13.680563492193205,14.139013290405273,612576000,0.0,0.0
2022-11-07 00:00:00-05:00,14.210926867488931,14.394706092815511,13.937256437354097,14.283839225769043,410061000,0.0,0.0
2022-11-08 00:00:00-05:00,14.783237057962253,14.873129201952066,14.198939074558286,14.584476470947266,595292000,0.0,0.0
2022-11-09 00:00:00-05:00,14.145006498501635,14.193948441801954,13.742490186400374,13.759469985961914,454414000,0.0,0.0
2022-11-10 00:00:00-05:00,14.782242060235669,15.75407415642431,14.52954536918523,15.731101989746094,700819000,0.0,0.0
2022-11-11 00:00:00-05:00,15.788037410625252,16.369338997688423,15.463427484952074,16.30741310119629,655487000,0.0,0.0
2022-11-14 00:00:00-05:00,16.19853677571768,16.520150838234144,15.902891532798265,16.27544403076172,527852000,0.0,0.0
2022-11-15 00:00:00-05:00,16.70193246037485,16.97760030988361,16.362340333620516,16.645999908447266,545876000,0.0,0.0
2022-11-16 00:00:00-05:00,16.142607624032543,16.342366497933718,15.853953889002272,15.890909194946289,649547000,0.0,0.0
2022-11-17 00:00:00-05:00,15.696141417442774,16.24648078605214,15.516357121051492,15.658186912536621,710894000,0.0,0.0
2022-11-18 00:00:00-05:00,15.946840413233774,15.982798417252967,15.101855894679975,15.390509605407715,492072000,0.0,0.0
2022-11-21 00:00:00-05:00,15.128824145184344,15.458428074052856,15.061904155522589,15.298620223999023,404739000,0.0,0.0
2022-11-22 00:00:00-05:00,15.309603255155395,16.038727597430555,15.103850170671887,16.01875114440918,472866000,0.0,0.0
2022-11-23 00:00:00-05:00,16.07868356360315,16.507169659451346,16.028744320687604,16.499177932739258,427241000,0.0,0.0
2022-11-25 00:00:00-05:00,16.298417660593895,16.467213564528336,16.152592965743032,16.25047492980957,167934000,0.0,0.0
2022-11-28 00:00:00-05:00,16.006768811275037,16.33737291090951,15.70613130428347,15.808008193969727,303741000,0.0,0.0
2022-11-29 00:00:00-05:00,15.808007666207146,15.912882164186339,15.501376850924105,15.620233535766602,298384000,0.0,0.0
2022-11-30 00:00:00-05:00,15.682173912135513,16.91401011224117,15.582268932663492,16.90701675415039,565298000,0.004,0.0
2022-12-01 00:00:00-05:00,16.98294703884765,17.248694675283573,16.61929047291428,17.118818283081055,470977000,0.0,0.0
2022-12-02 00:00:00-05:00,16.643265644067263,16.917007013380566,16.429467070023797,16.86005973815918,371389000,0.0,0.0
2022-12-05 00:00:00-05:00,16.663247742100303,16.978949268719298,16.456442519339436,16.59431266784668,352255000,0.0,0.0
2022-12-06 00:00:00-05:00,16.514388304158608,16.557346959456986,15.804059392833134,15.971900939941406,352694000,0.0,0.0
2022-12-07 00:00:00-05:00,15.75710452343126,16.17071403382129,15.652203194730875,16.10477638244629,372388000,0.0,0.0
2022-12-08 00:00:00-05:00,16.257632527002734,17.162777039567985,15.943927985639844,17.152786254882812,515456000,0.0,0.0
2022-12-09 00:00:00-05:00,17.143795548869498,17.566396442617396,16.958970779116104,16.98494529724121,465338000,0.0,0.0
2022-12-12 00:00:00-05:00,17.020911352868033,17.52143767261398,16.781138231333195,17.51844024658203,457328000,0.0,0.0
2022-12-13 00:00:00-05:00,18.513497752855358,18.772253906847382,17.694272541319727,18.054931640625,656589000,0.0,0.0
2022-12-14 00:00:00-05:00,17.970012708973496,18.23476374050765,17.40354874404559,17.65730857849121,496888000,0.0,0.0
2022-12-15 00:00:00-05:00,17.12980640085517,17.303641853458835,16.684228478407395,16.935989379882812,478542000,0.0,0.0
2022-12-16 00:00:00-05:00,16.848071870974135,17.02490473599682,16.394500212198125,16.555347442626953,478232000,0.0,0.0
2022-12-19 00:00:00-05:00,16.55634984053249,16.593313647546687,16.12975305529303,16.238649368286133,354039000,0.0,0.0
2022-12-20 00:00:00-05:00,16.04882888311095,16.29459685874467,15.837030148164454,16.069808959960938,403260000,0.0,0.0
2022-12-21 00:00:00-05:00,16.098779026995476,16.611294934737366,16.08678932558444,16.48541259765625,325025000,0.0,0.0
2022-12-22 00:00:00-05:00,16.07880051974723,16.122759590703474,14.867945252019002,15.32451343536377,565045000,0.0,0.0
2022-12-23 00:00:00-05:00,15.181649115463676,15.324513716760682,14.868944984616018,15.19163990020752,349326000,0.0,0.0
2022-12-27 00:00:00-05:00,15.059765160860499,15.085740630514122,14.042725911429772,14.107665061950684,464902000,0.0,0.0
2022-12-28 00:00:00-05:00,13.91384786252494,14.248531538075772,13.870888249213039,14.022745132446289,351066000,0.0,0.0
2022-12-29 00:00:00-05:00,14.388397285718925,14.669131056823309,14.213562388158012,14.58920669555664,354923000,0.0,0.0
2022-12-30 00:00:00-05:00,14.320460623087508,14.615182060530334,14.219556189137291,14.600196838378906,310490000,0.0,0.0
2023-01-03 00:00:00-05:00,14.836973349478153,14.981836857108386,14.082686318071687,14.30147933959961,401277000,0.0,0.0
2023-01-04 00:00:00-05:00,14.553241965260252,14.838971139139868,14.22754965642136,14.735069274902344,431324000,0.0,0.0
2023-01-05 00:00:00-05:00,14.477313204439954,14.550244209091645,14.134636761581584,14.251526832580566,389168000,0.0,0.0
2023-01-06 00:00:00-05:00,14.460330266141224,14.995824302039097,14.020746235509238,14.844966888427734,405044000,0.0,0.0
2023-01-09 00:00:00-05:00,15.269566206043953,16.040836489954398,15.126700652910513,15.613241195678711,504231000,0.0,0.0
2023-01-10 00:00:00-05:00,15.492354496985383,15.946924699347406,15.45738770492271,15.893975257873535,384101000,0.0,0.0
2023-01-11 00:00:00-05:00,15.825039338857813,16.012861499247272,15.548300537353844,15.985886573791504,353285000,0.0,0.0
2023-01-12 00:00:00-05:00,16.084794083982377,16.621285642542368,15.477367579612611,16.495405197143555,551409000,0.0,0.0
2023-01-13 00:00:00-05:00,16.26262754145093,16.906020377978866,16.149735291057727,16.883041381835938,447287000,0.0,0.0
2023-01-17 00:00:00-05:00,16.883036974604146,17.71125435427093,16.883036974604146,17.685277938842773,511102000,0.0,0.0
2023-01-18 00:00:00-05:00,17.650317053573275,17.856121904906214,17.265680376384633,17.360591888427734,439624000,0.0,0.0
2023-01-19 00:00:00-05:00,17.0199124023863,17.180761576267606,16.715202010993732,16.749168395996094,452932000,0.0,0.0
2023-01-20 00:00:00-05:00,16.994932235706603,17.839135325204627,16.80910900112207,17.82215118408203,564967000,0.0,0.0
2023-01-23 00:00:00-05:00,18.046938056185414,19.22682428472633,17.801172014631053,19.17487335205078,655163000,0.0,0.0
2023-01-24 00:00:00-05:00,18.809217256229907,19.476587493158043,18.802223898332766,19.246803283691406,496204000,0.0,0.0
2023-01-25 00:00:00-05:00,18.895139684298528,19.35170884974934,18.562453968698666,19.304752349853516,449537000,0.0,0.0
2023-01-26 00:00:00-05:00,19.682394047297027,20.146955040954566,19.259793204752064,19.78329849243164,489535000,0.0,0.0
2023-01-27 00:00:00-05:00,19.443619026904443,20.608518165238692,19.38667365320494,20.345766067504883,542142000,0.0,0.0
2023-01-30 00:00:00-05:00,19.931159638223047,20.12097882695284,19.13191402868899,19.143903732299805,488611000,0.0,0.0
2023-01-31 00:00:00-05:00,19.151896870281067,19.668408839064604,18.93210531346682,19.518550872802734,498017000,0.0,0.0
2023-02-01 00:00:00-05:00,19.67240320696615,21.171985068230896,19.592478837615094,20.923221588134766,660477000,0.0,0.0
2023-02-02 00:00:00-05:00,20.980167492431757,21.92827065743993,20.680451576187373,21.68849754333496,564276000,0.0,0.0
2023-02-03 00:00:00-05:00,20.980166467238757,21.724463687493483,20.769365304933352,21.0800724029541,429366000,0.0,0.0
2023-02-06 00:00:00-05:00,20.78635048863154,21.549628903077547,20.7663689193781,21.06908416748047,452197000,0.0,0.0
2023-02-07 00:00:00-05:00,21.361806230961744,22.23797877641693,21.13002498740977,22.15205955505371,664150000,0.0,0.0
2023-02-08 00:00:00-05:00,22.36585402165245,22.85639138734189,21.987212286748747,22.18402671813965,559651000,0.0,0.0
2023-02-09 00:00:00-05:00,22.58465157727127,22.998260149633165,22.099110499332042,22.31590461730957,523876000,0.0,0.0
2023-02-10 00:00:00-05:00,21.669512802115033,22.05714489108248,20.791343369117982,21.24491310119629,550737000,0.0,0.0
2023-02-13 00:00:00-05:00,21.517659728495712,22.027178315742056,20.942203486559773,21.767423629760742,474919000,0.0,0.0
2023-02-14 00:00:00-05:00,21.557618713083382,23.027230025580597,21.345819053614647,22.949304580688477,675474000,0.0,0.0
2023-02-15 00:00:00-05:00,22.52770321112583,22.8334139631762,22.08512271870245,22.74250030517578,420575000,0.0,0.0
2023-02-16 00:00:00-05:00,22.11209321186156,22.528699142465786,21.90628841868297,21.981218338012695,412026000,0.0,0.0
2023-02-17 00:00:00-05:00,21.6105702785936,21.719466582327403,20.95518972612229,21.367799758911133,465888000,0.0,0.0
2023-02-21 00:00:00-05:00,20.98016579111472,21.47369869665402,20.59852661530796,20.6354923248291,410015000,0.0,0.0
2023-02-22 00:00:00-05:00,20.687447106366278,21.08407157890139,20.401715971932948,20.73440170288086,513184000,0.0,0.0
2023-02-23 00:00:00-05:00,23.417865565260627,23.86544246211302,23.003256545300975,23.641653060913086,1117995000,0.0,0.0
2023-02-24 00:00:00-05:00,23.203064357889673,23.451829726072322,22.925327050973003,23.264005661010742,589716000,0.0,0.0
2023-02-27 00:00:00-05:00,23.647646566541255,23.857447331767283,23.431850949295235,23.478805541992188,452994000,0.0,0.0
2023-02-28 00:00:00-05:00,23.349921682502902,23.802494783268926,23.1840781263968,23.194068908691406,455963000,0.0,0.0
2023-03-01 00:00:00-05:00,23.170094246932813,23.23403488033145,22.48674027986424,22.67656135559082,460026000,0.0,0.0
2023-03-02 00:00:00-05:00,22.466764374216684,23.357920308553588,22.410815596059578,23.291982650756836,389415000,0.0,0.0
2023-03-03 00:00:00-05:00,23.297975982991947,23.877428147206164,23.108154887916523,23.8674373626709,412393000,0.0,0.0
2023-03-06 00:00:00-05:00,23.868438998083167,24.225100305977033,23.464819285474714,23.531757354736328,437429000,0.0,0.0
2023-03-07 00:00:00-05:00,23.58171705881991,24.106309951195037,23.222994023470914,23.26995849609375,515154000,0.004,0.0
2023-03-08 00:00:00-05:00,23.468803202924352,24.181252063835192,23.405852285965068,24.16226577758789,513573000,0.0,0.0
2023-03-09 00:00:00-05:00,24.156268710129314,24.435053778962832,23.364882526093854,23.417842864990234,501257000,0.0,0.0
2023-03-10 00:00:00-05:00,23.390862722726986,23.608694224451664,22.70839135809084,22.947206497192383,474866000,0.0,0.0
2023-03-13 00:00:00-04:00,22.73437106627306,23.279947517007088,22.279723706349586,22.948204040527344,421890000,0.0,0.0
2023-03-14 00:00:00-04:00,23.477795275750477,24.20023465879967,23.44182196451992,24.044355392456055,474910000,0.0,0.0
2023-03-15 00:00:00-04:00,23.74258752129313,24.26718032293019,23.34189918220127,24.209226608276367,524486000,0.0,0.0
2023-03-16 00:00:00-04:00,24.008386501425736,25.56817609863926,23.87548821119416,25.52121353149414,583253000,0.0,0.0
2023-03-17 00:00:00-04:00,25.961867507130762,26.37854420062934,25.648109735845335,25.705066680908203,848547000,0.0,0.0
2023-03-20 00:00:00-04:00,25.59515337288159,26.0038368777567,25.110528539041603,25.879932403564453,432747000,0.0,0.0
2023-03-21 00:00:00-04:00,26.159718926782208,26.371554585822363,25.36133811736534,26.17870330810547,547408000,0.0,0.0
2023-03-22 00:00:00-04:00,26.40452474253013,27.567624321193616,26.21667068225775,26.447492599487305,797295000,0.0,0.0
2023-03-23 00:00:00-04:00,27.093991987859635,27.477695255263573,26.66932202581043,27.169933319091797,564889000,0.0,0.0
2023-03-24 00:00:00-04:00,27.010058676139064,27.145952994008773,26.33458179234645,26.75825309753418,454920000,0.0,0.0
2023-03-27 00:00:00-04:00,26.81620538734973,26.97907919440024,26.344570992049672,26.51044273376465,361026000,0.0,0.0
2023-03-28 00:00:00-04:00,26.426513619945435,26.49246247851056,25.82997595757845,26.389541625976562,356104000,0.0,0.0
2023-03-29 00:00:00-04:00,26.80421939827036,27.057021752152824,26.576395389808596,26.96309471130371,393694000,0.0,0.0
2023-03-30 00:00:00-04:00,27.207903966277037,27.47769523664997,27.08100155357142,27.361783981323242,364516000,0.0,0.0
2023-03-31 00:00:00-04:00,27.11897043676594,27.81243294698016,27.083997708372205,27.755477905273438,433933000,0.0,0.0
2023-04-03 00:00:00-04:00,27.487684733031823,27.978303491665436,27.31481845102508,27.943330764770508,398716000,0.0,0.0
2023-04-04 00:00:00-04:00,27.944333318386548,27.978307373761556,27.285843473418648,27.431730270385742,368592000,0.0,0.0
2023-04-05 00:00:00-04:00,26.80821632454569,26.977084121252716,26.374552524598577,26.86017608642578,515015000,0.0,0.0
2023-04-06 00:00:00-04:00,26.56340408671622,27.05902010799569,26.406526131732786,27.016054153442383,397654000,0.0,0.0
2023-04-10 00:00:00-04:00,26.802215816616297,27.59959781175058,26.648335816312407,27.55763053894043,395279000,0.0,0.0
2023-04-11 00:00:00-04:00,27.702523384638553,27.768472239756676,27.104985171162546,27.147953033447266,314378000,0.0,0.0
2023-04-12 00:00:00-04:00,27.34879408048613,27.446717721444895,26.427507578002256,26.474472045898438,446259000,0.0,0.0
2023-04-13 00:00:00-04:00,26.713285279016276,26.866166609946806,26.30860029990406,26.442495346069336,353615000,0.0,0.0
2023-04-14 00:00:00-04:00,26.48346363683986,26.86216968687569,26.199683291915306,26.737266540527344,395660000,0.0,0.0
2023-04-17 00:00:00-04:00,26.544419300210514,26.985077620218803,26.412521597702874,26.981081008911133,321471000,0.0,0.0
2023-04-18 00:00:00-04:00,27.511668078538015,28.088220677251833,27.335803850613633,27.64556312561035,604812000,0.0,0.0
2023-04-19 00:00:00-04:00,27.339804652773882,27.978309585541766,27.21090487330433,27.90936279296875,358660000,0.0,0.0
2023-04-20 00:00:00-04:00,27.649562260282398,28.008285294702446,26.97908256981449,27.0830020904541,427713000,0.0,0.0
2023-04-21 00:00:00-04:00,26.93111770046531,27.16193962505463,26.701296358072568,27.09798812866211,345103000,0.0,0.0
2023-04-24 00:00:00-04:00,26.992070732318915,27.344795961333663,26.650334754413183,27.021047592163086,339282000,0.0,0.0
2023-04-25 00:00:00-04:00,27.05702218157695,27.225891884852338,26.20468425381091,26.220670700073242,378527000,0.0,0.0
2023-04-26 00:00:00-04:00,26.98107969934481,27.30882468111703,26.68430893017137,26.93511390686035,406337000,0.0,0.0
2023-04-27 00:00:00-04:00,27.341797525647422,27.473695209536686,26.604368526155287,27.20490264892578,377161000,0.0,0.0
2023-04-28 00:00:00-04:00,27.20390860883088,27.736494722113637,27.050026680821563,27.727502822875977,292216000,0.0,0.0
2023-05-01 00:00:00-04:00,27.818431138842723,29.035487906164658,27.75847815742974,28.887601852416992,570329000,0.0,0.0
2023-05-02 00:00:00-04:00,28.65777791443709,28.813657176732367,28.06124037151052,28.188140869140625,402730000,0.0,0.0
2023-05-03 00:00:00-04:00,27.81842720386248,28.345019263539147,27.450712333034048,27.78045654296875,383387000,0.0,0.0
2023-05-04 00:00:00-04:00,27.629577352333005,27.83741639402646,27.21889646264562,27.540647506713867,321850000,0.0,0.0
2023-05-05 00:00:00-04:00,27.804441261887433,28.732720441787755,27.70951555183905,28.657779693603516,361494000,0.0,0.0
2023-05-08 00:00:00-04:00,28.499903631542722,29.197362851694706,28.328037899889626,29.128416061401367,344979000,0.0,0.0
2023-05-09 00:00:00-04:00,28.87660934582165,28.950551416305693,28.42795782373757,28.54886245727539,314869000,0.0,0.0
2023-05-10 00:00:00-04:00,28.982527268973705,29.090445302633547,28.43895001875839,28.862621307373047,369350000,0.0,0.0
2023-05-11 00:00:00-04:00,28.873613037762063,28.92757205566267,28.22411699956995,28.555858612060547,322149000,0.0,0.0
2023-05-12 00:00:00-04:00,28.506895497489484,28.757702383519174,28.02426991669217,28.318042755126953,274222000,0.0,0.0
2023-05-15 00:00:00-04:00,28.485913749676843,28.94655704667606,28.130190555712023,28.93056869506836,293926000,0.0,0.0
2023-05-16 00:00:00-04:00,28.81865520899866,29.8468592323244,28.809663309971146,29.190366744995117,449405000,0.0,0.0
2023-05-17 00:00:00-04:00,29.56107768336416,30.175600947098626,29.407197674823205,30.154617309570312,432535000,0.0,0.0
2023-05-18 00:00:00-04:00,30.38643851725128,31.8033391347446,30.29650809578211,31.65345573425293,748725000,0.0,0.0
2023-05-19 00:00:00-04:00,31.5115633015826,31.555529832851313,30.892044782308023,31.239774703979492,473908000,0.0,0.0
2023-05-22 00:00:00-04:00,30.877057472880523,31.495579269125198,30.656229935125022,31.151845932006836,372000000,0.0,0.0
2023-05-23 00:00:00-04:00,30.975981254680892,31.263758219517662,30.607267673626875,30.664222717285156,356253000,0.0,0.0
2023-05-24 00:00:00-04:00,30.186596331637023,30.58329005350227,29.782909968820494,30.51434326171875,721419000,0.0,0.0
2023-05-25 00:00:00-04:00,38.49315152397772,39.44941078052054,36.606613842123146,37.9505729675293,1543911000,0.0,0.0
2023-05-26 00:00:00-04:00,37.860647004196835,39.139654202122564,37.52091024078005,38.915828704833984,714397000,0.0,0.0
2023-05-30 00:00:00-04:00,40.56354787392991,41.90550581208473,39.91804849161949,40.07992172241211,923401000,0.0,0.0
2023-05-31 00:00:00-04:00,39.45740538202882,40.26377936076244,37.792695760283166,37.8046875,1002580000,0.0,0.0
2023-06-01 00:00:00-04:00,38.45917585173872,40.0189671601438,38.31029304006884,39.73918533325195,635873000,0.0,0.0
2023-06-02 00:00:00-04:00,40.06593169963198,40.46861932052468,39.02773528594731,39.29652786254883,482731000,0.0,0.0
2023-06-05 00:00:00-04:00,38.878849874769465,39.53433977277439,38.67700673967849,39.140647888183594,396094000,0.0,0.0
2023-06-06 00:00:00-04:00,38.799916275766684,39.12965860906724,38.11844167169448,38.62405014038086,388729000,0.0,0.0
2023-06-07 00:00:00-04:00,38.888876276456465,39.472483856299974,37.330920951859596,37.4498405456543,511998000,0.004,0.0
2023-06-08 00:00:00-04:00,37.69867447040822,38.83790856539692,37.47982353092405,38.48414611816406,417772000,0.0,0.0
2023-06-09 00:00:00-04:00,39.01079566486037,39.6843430375393,38.54111373857544,38.74397659301758,427717000,0.0,0.0
2023-06-12 00:00:00-04:00,39.173685553174,39.503462039764756,38.59207552154446,39.45549392700195,388701000,0.0,0.0
2023-06-13 00:00:00-04:00,40.15901999798978,41.073406583154025,39.7133202956982,40.99445724487305,613208000,0.0,0.0
2023-06-14 00:00:00-04:00,40.7965979524684,42.97113598782619,40.52477736242913,42.9681396484375,740465000,0.0,0.0
2023-06-15 00:00:00-04:00,42.573402308118794,43.25994139693394,42.11870592148791,42.624366760253906,568622000,0.0,0.0
2023-06-16 00:00:00-04:00,43.42082432044267,43.691642253904746,42.63235266585127,42.663333892822266,655709000,0.0,0.0
2023-06-20 00:00:00-04:00,42.96913358966378,43.960468171430314,42.64534980172413,43.778587341308594,451153000,0.0,0.0
2023-06-21 00:00:00-04:00,43.47179700285762,43.58572270035069,42.05175330634248,43.0161018371582,551603000,0.0,0.0
2023-06-22 00:00:00-04:00,42.22462800338613,43.39684073986037,42.20564356647612,42.99611282348633,417737000,0.0,0.0
2023-06-23 00:00:00-04:00,42.43549394435148,42.780259748123754,41.98679405380195,42.1806640625,358140000,0.0,0.0
2023-06-26 00:00:00-04:00,42.432495695911925,42.73529370364879,40.07308050587644,40.6047248840332,594322000,0.0,0.0
2023-06-27 00:00:00-04:00,40.77160853354225,41.91184134069005,40.42084625845822,41.84788513183594,462175000,0.0,0.0
2023-06-28 00:00:00-04:00,40.63269972481745,41.81690545908025,40.4907967749422,41.089393615722656,582639000,0.0,0.0
2023-06-29 00:00:00-04:00,41.53009589413119,41.57206751161818,40.57273892901067,40.79458999633789,380514000,0.0,0.0
2023-06-30 00:00:00-04:00,41.65202123521711,42.52143615172758,41.47314054093111,42.27360153198242,501148000,0.0,0.0
2023-07-03 00:00:00-04:00,42.48845174872612,42.86919645813437,42.17366461675994,42.384521484375,198209000,0.0,0.0
2023-07-05 00:00:00-04:00,42.1067086541188,43.1480088666597,42.0567429868184,42.28858947753906,323618000,0.0,0.0
2023-07-06 00:00:00-04:00,41.815908748676975,42.15068292310203,41.31824199558715,42.07473373413086,303582000,0.0,0.0
2023-07-07 00:00:00-04:00,42.293586172904085,43.18498944249767,42.151683210929725,42.474464416503906,355881000,0.0,0.0
2023-07-10 00:00:00-04:00,42.62836091679516,42.782256847848465,41.62103447108327,42.15167999267578,353908000,0.0,0.0
2023-07-11 00:00:00-04:00,42.45247506207122,42.72928949696264,42.03875539127137,42.37652587890625,298244000,0.0,0.0
2023-07-12 00:00:00-04:00,43.00410449451526,43.90549923284697,42.748275878823826,43.872520446777344,481277000,0.0,0.0
2023-07-13 00:00:00-04:00,44.48811627852953,46.12401457256602,44.46213275662318,45.946136474609375,478204000,0.0,0.0
2023-07-14 00:00:00-04:00,46.55172710271844,48.055717801832095,45.02975074452843,45.4384765625,772075000,0.0,0.0
2023-07-17 00:00:00-04:00,46.25792035935908,46.46477828741377,45.231609519436155,46.42980194091797,510488000,0.0,0.0
2023-07-18 00:00:00-04:00,46.66964557192856,47.86384295444501,45.703295752651904,47.46211242675781,569164000,0.0,0.0
2023-07-19 00:00:00-04:00,47.432128432897464,47.78589081195273,46.710613136837885,47.045387268066406,427502000,0.0,0.0
2023-07-20 00:00:00-04:00,46.47577001952054,47.05538237311649,45.0317406575106,45.48943328857422,537865000,0.0,0.0
2023-07-21 00:00:00-04:00,45.757258258019995,45.835208820153,44.070391777518616,44.27925109863281,963769000,0.0,0.0
2023-07-24 00:00:00-04:00,44.70097374213304,45.078722178579724,44.010439490522,44.582054138183594,382516000,0.0,0.0
2023-07-25 00:00:00-04:00,44.91082723933574,46.15199009290992,44.89283776969056,45.64833068847656,348081000,0.0,0.0
2023-07-26 00:00:00-04:00,45.99010415217063,46.02208416363541,44.60003914555011,45.421485900878906,364237000,0.0,0.0
2023-07-27 00:00:00-04:00,46.48777031512932,47.363181660556975,45.71928557953061,45.86918640136719,455976000,0.0,0.0
2023-07-28 00:00:00-04:00,46.63666318467305,46.9954232864367,46.34985714646045,46.71860885620117,331194000,0.0,0.0
2023-07-31 00:00:00-04:00,46.722605128570706,47.09835208615945,46.47477056891769,46.6976203918457,251055000,0.0,0.0
2023-08-01 00:00:00-04:00,46.42880353138704,46.86851053327996,45.996095610984916,46.475772857666016,237858000,0.0,0.0
2023-08-02 00:00:00-04:00,45.80022836613243,45.80922119475112,43.35786912941364,44.23927688598633,530142000,0.0,0.0
2023-08-03 00:00:00-04:00,43.77059114765512,45.08770701221157,43.77059114765512,44.485111236572266,324176000,0.0,0.0
2023-08-04 00:00:00-04:00,44.95479704956906,45.611353612769236,44.36319547208762,44.650001525878906,362666000,0.0,0.0
2023-08-07 00:00:00-04:00,45.080718408884294,45.50943128805715,44.533085929268644,45.386512756347656,322154000,0.0,0.0
2023-08-08 00:00:00-04:00,44.82289407361515,45.21163290512549,44.026428157512775,44.6340217590332,353843000,0.0,0.0
2023-08-09 00:00:00-04:00,44.24427131811032,44.282247816533705,42.10570879075274,42.525428771972656,586449000,0.0,0.0
2023-08-10 00:00:00-04:00,42.13169907067991,43.54475135763228,41.80691647126187,42.35954666137695,492705000,0.0,0.0
2023-08-11 00:00:00-04:00,41.72297025505574,41.989793111065566,40.611717275210765,40.827571868896484,533085000,0.0,0.0
2023-08-14 00:00:00-04:00,40.4588166311825,43.77059069571262,40.283934893491555,43.7236213684082,690286000,0.0,0.0
2023-08-15 00:00:00-04:00,44.53008608139681,45.23761094961256,43.68065444037462,43.910499572753906,676512000,0.0,0.0
2023-08-16 00:00:00-04:00,44.490108508672876,44.645003217539106,43.376854252532475,43.45680236816406,527451000,0.0,0.0
2023-08-17 00:00:00-04:00,43.9404785824408,44.032415865763284,42.97212742620197,43.31489944458008,452395000,0.0,0.0
2023-08-18 00:00:00-04:00,42.60637233743457,43.548739981442054,41.632028496640906,43.269927978515625,583768000,0.0,0.0
2023-08-21 00:00:00-04:00,44.464127494140655,47.03340054502666,44.192310747529035,46.93546676635742,692573000,0.0,0.0
2023-08-22 00:00:00-04:00,48.1026834062312,48.15465044840223,45.30256635922711,45.6373405456543,755293000,0.0,0.0
2023-08-23 00:00:00-04:00,45.835212564193235,47.168316721303135,45.17765331579734,47.084373474121094,779046000,0.0,0.0
2023-08-24 00:00:00-04:00,50.18228804118617,50.23225371220406,47.127341093273124,47.1313362121582,1156044000,0.0,0.0
2023-08-25 00:00:00-04:00,46.980438460258725,47.77290532972233,44.993770374089465,45.98710632324219,925341000,0.0,0.0
2023-08-28 00:00:00-04:00,46.45079089513967,46.94845764081992,44.85786313408847,46.80355453491211,685192000,0.0,0.0
2023-08-29 00:00:00-04:00,46.634665726138564,49.04804505027456,46.35984885447826,48.751243591308594,701397000,0.0,0.0
2023-08-30 00:00:00-04:00,49.011072990962134,49.89347960876958,48.39248907555187,49.230926513671875,735206000,0.0,0.0
2023-08-31 00:00:00-04:00,49.346849822900985,49.710603865788684,48.925132248027246,49.32186508178711,528570000,0.0,0.0
2023-09-01 00:00:00-04:00,49.728589862320376,49.76656254905315,48.10967481708851,48.4764289855957,463830000,0.0,0.0
2023-09-05 00:00:00-04:00,48.190628778230135,48.81820938411966,47.82787348720718,48.515411376953125,382653000,0.0,0.0
2023-09-06 00:00:00-04:00,48.412471520397574,48.520405806998106,46.55256753544233,47.03328323364258,468670000,0.004,0.0
2023-09-07 00:00:00-04:00,45.49818632647951,46.316704161962946,45.12540493347,46.21376419067383,433330000,0.0,0.0
2023-09-08 00:00:00-04:00,45.91494321497456,46.578549795234004,45.24433697550349,45.54515838623047,473069000,0.0,0.0
2023-09-11 00:00:00-04:00,46.12081222472613,46.13580277797443,44.285895308094744,45.15138626098633,473966000,0.0,0.0
2023-09-12 00:00:00-04:00,44.711644683644934,45.64609526594391,44.50476589129932,44.84356689453125,349256000,0.0,0.0
2023-09-13 00:00:00-04:00,44.57372912057882,45.90294758191361,44.47678613148132,45.45820999145508,398355000,0.0,0.0
2023-09-14 00:00:00-04:00,45.92293557779265,45.959912533797855,45.104417736108495,45.55415344238281,370097000,0.0,0.0
2023-09-15 00:00:00-04:00,45.314286993054964,45.572134413088484,43.78218921317514,43.87413787841797,506831000,0.0,0.0
2023-09-18 00:00:00-04:00,42.72281686656951,44.215936184285376,41.975256439611805,43.94009780883789,500271000,0.0,0.0
2023-09-19 00:00:00-04:00,43.80717720782653,43.94009827513682,42.97666548704609,43.494361877441406,373064000,0.0,0.0
2023-09-20 00:00:00-04:00,43.57431736743093,43.877140298495235,42.1981295407641,42.21411895751953,367108000,0.0,0.0
2023-09-21 00:00:00-04:00,41.558504470242454,42.075198207915804,40.955859044978006,40.992835998535156,450736000,0.0,0.0
2023-09-22 00:00:00-04:00,41.54751155048687,42.09019478907558,41.206712805320656,41.58549118041992,479236000,0.0,0.0
2023-09-25 00:00:00-04:00,41.566499482257406,42.51094250359211,41.15274189436024,42.19712829589844,419091000,0.0,0.0
2023-09-26 00:00:00-04:00,41.97625771314318,42.7947755047386,41.63046086209198,41.88631057739258,402282000,0.0,0.0
2023-09-27 00:00:00-04:00,42.305062534308014,42.846743024633085,41.604475324502374,42.44297790527344,444935000,0.0,0.0
2023-09-28 00:00:00-04:00,42.43499038200629,43.42040969450895,42.09019617754693,43.063621520996094,424663000,0.0,0.0
2023-09-29 00:00:00-04:00,43.80118697658235,44.118001615800175,43.28149278229862,43.47338104248047,397830000,0.0,0.0
2023-10-02 00:00:00-04:00,44.004059360800305,45.14838526378596,43.835160204850645,44.755619049072266,433298000,0.0,0.0
2023-10-03 00:00:00-04:00,44.78159946799548,45.1034121671623,43.220519465209826,43.49135971069336,470850000,0.0,0.0
2023-10-04 00:00:00-04:00,43.71623674789107,44.117001536770516,43.266501033277635,44.01506042480469,361821000,0.0,0.0
2023-10-05 00:00:00-04:00,44.02405361077508,44.873555244834996,43.862150279908775,44.661678314208984,393483000,0.0,0.0
2023-10-06 00:00:00-04:00,44.166966628350934,45.762027093274135,44.00006519130678,45.735042572021484,434436000,0.0,0.0
2023-10-09 00:00:00-04:00,44.81558816881038,45.578139267709204,44.34186831967445,45.246334075927734,409675000,0.0,0.0
2023-10-10 00:00:00-04:00,45.283311292435734,46.23174977831537,45.061441940637515,45.77102279663086,368582000,0.0,0.0
2023-10-11 00:00:00-04:00,46.16878585483191,46.83139730559126,46.02287195248952,46.77842712402344,378137000,0.0,0.0
2023-10-12 00:00:00-04:00,46.749446645978935,47.58095729211939,46.302711352295894,46.9173469543457,481325000,0.0,0.0
2023-10-13 00:00:00-04:00,46.93233691107498,47.088247061466205,45.25332622388591,45.43421936035156,474115000,0.0,0.0
2023-10-16 00:00:00-04:00,45.036454627581854,46.19776888197393,44.88554260061679,46.067848205566406,375099000,0.0,0.0
2023-10-17 00:00:00-04:00,43.97408457640043,44.72764209675683,42.45497937899436,43.9121208190918,812333000,0.0,0.0
2023-10-18 00:00:00-04:00,42.565910351376075,43.19354257835518,41.80036274107,42.171142578125,627294000,0.0,0.0
2023-10-19 00:00:00-04:00,42.78578325627493,43.27149704183871,41.85732962426039,42.076202392578125,501233000,0.0,0.0
2023-10-20 00:00:00-04:00,41.86532335952727,42.444983530451566,41.05380140770334,41.36262130737305,477266000,0.0,0.0
2023-10-23 00:00:00-04:00,41.204714237115766,43.2225259559653,40.92088113021431,42.949684143066406,478530000,0.0,0.0
2023-10-24 00:00:00-04:00,43.05162614435632,43.671259880071666,42.66585573528576,43.63727951049805,401463000,0.0,0.0
2023-10-25 00:00:00-04:00,43.37243657677688,43.62429085852798,41.53052363272983,41.754390716552734,398379000,0.0,0.0
2023-10-26 00:00:00-04:00,41.82834703800738,42.231109527965074,39.85650966502812,40.30224609375,541001000,0.0,0.0
2023-10-27 00:00:00-04:00,41.105772840082615,41.181728284669475,39.99142796964453,40.47614288330078,416784000,0.0,0.0
2023-10-30 00:00:00-04:00,41.06279917353452,41.7413962446929,40.45715333671765,41.13675308227539,388028000,0.0,0.0
2023-10-31 00:00:00-04:00,40.42617399708402,40.85492215187982,39.20689140883778,40.755977630615234,517969000,0.0,0.0
2023-11-01 00:00:00-04:00,40.85992224625753,42.35604230855743,40.84493168976348,42.30007553100586,437593000,0.0,0.0
2023-11-02 00:00:00-04:00,43.30247683018647,43.858149075327375,42.868734368129815,43.48037338256836,409172000,0.0,0.0
2023-11-03 00:00:00-04:00,43.99406856905828,45.28230687928524,43.69724264528921,44.97848892211914,424610000,0.0,0.0
2023-11-06 00:00:00-05:00,45.25831974477841,45.907938315871384,44.87254557449216,45.72404479980469,400733000,0.0,0.0
2023-11-07 00:00:00-05:00,45.69207169045335,46.190774498668894,45.13140131544397,45.92793273925781,343165000,0.0,0.0
2023-11-08 00:00:00-05:00,46.072846167662064,46.839396518994945,45.94092394446473,46.54656982421875,346719000,0.0,0.0
2023-11-09 00:00:00-05:00,47.43903795369881,48.201588985861626,46.722461258073324,46.92234420776367,540496000,0.0,0.0
2023-11-10 00:00:00-05:00,47.47201897601796,48.443446517904555,47.25514775060462,48.30652618408203,421245000,0.0,0.0
2023-11-13 00:00:00-05:00,48.29153566931826,49.087068200389616,48.07066518354385,48.59135818481445,384136000,0.0,0.0
2023-11-14 00:00:00-05:00,49.650731250983476,49.80463985063808,49.01110891803197,49.62674331665039,416954000,0.0,0.0
2023-11-15 00:00:00-05:00,49.905587494765264,49.93057048121235,48.17160887491718,48.85920333862305,475497000,0.0,0.0
2023-11-16 00:00:00-05:00,48.65033211773849,49.495834550251864,48.30153863182137,49.45085906982422,339756000,0.0,0.0
2023-11-17 00:00:00-05:00,49.49482766776376,49.68771478002095,48.97813389873992,49.26896286010742,325205000,0.0,0.0
2023-11-20 00:00:00-05:00,49.28295286302151,50.5182248537623,49.15202951055082,50.37930679321289,414120000,0.0,0.0
2023-11-21 00:00:00-05:00,50.096469472210146,50.48723796925796,49.19300270316688,49.91457748413086,565747000,0.0,0.0
2023-11-22 00:00:00-05:00,49.82263401876184,50.305347385214155,47.66190506313219,48.68730163574219,899420000,0.0,0.0
2023-11-24 00:00:00-05:00,48.44145528903712,48.89218989050924,47.71687998320356,47.74786376953125,294645000,0.0,0.0
2023-11-27 00:00:00-05:00,47.771840126632874,48.50140962414012,47.62392850332251,48.21358108520508,395662000,0.0,0.0
2023-11-28 00:00:00-05:00,48.20758789085354,48.29453844522679,47.445036828306066,47.79283142089844,401491000,0.0,0.0
2023-11-29 00:00:00-05:00,48.350510033061155,48.73328389544531,47.831814678443656,48.11164855957031,382005000,0.0,0.0
2023-11-30 00:00:00-05:00,47.99570985279465,48.08166154319405,46.3946561295748,46.74245071411133,526247000,0.0,0.0
2023-12-01 00:00:00-05:00,46.49759696256461,47.172198605670886,46.15979480379712,46.73745346069336,369317000,0.0,0.0
2023-12-04 00:00:00-05:00,46.04985595451796,46.04985595451796,44.9834831764298,45.48318862915039,437543000,0.0,0.0
2023-12-05 00:00:00-05:00,45.44321631785002,46.57664693505586,45.24831433854384,46.542667388916016,371718000,0.004,0.0
2023-12-06 00:00:00-05:00,47.19133790635441,47.36325259148531,45.389240093841764,45.480194091796875,380590000,0.0,0.0
2023-12-07 00:00:00-05:00,45.67709625491712,46.605631500937335,45.58114369836872,46.57264709472656,350823000,0.0,0.0
2023-12-08 00:00:00-05:00,46.57165024032382,47.7170758334867,46.52667080932443,47.48219299316406,359224000,0.0,0.0
2023-12-11 00:00:00-05:00,47.46719926720655,47.50717632201845,45.80703244000096,46.60363006591797,509728000,0.0,0.0
2023-12-12 00:00:00-05:00,46.02292129903264,47.642108221332236,46.02292129903264,47.633113861083984,372387000,0.0,0.0
2023-12-13 00:00:00-05:00,47.60513418472511,48.5696507647958,47.584144799570055,48.06390380859375,447792000,0.0,0.0
2023-12-14 00:00:00-05:00,48.36574456801119,48.64560300177105,47.3982312593091,48.32576370239258,391232000,0.0,0.0
2023-12-15 00:00:00-05:00,48.16984725179435,49.379239930936926,48.095883026170014,48.86549758911133,479948000,0.0,0.0
2023-12-18 00:00:00-05:00,49.37524392106738,50.40772334929845,49.12536921258584,50.051902770996094,412587000,0.0,0.0
2023-12-19 00:00:00-05:00,49.39922581544832,49.675088445454506,48.870491649793216,49.57913589477539,464444000,0.0,0.0
2023-12-20 00:00:00-05:00,49.63010830567033,49.97393763852956,48.07388957337245,48.086883544921875,397894000,0.0,0.0
2023-12-21 00:00:00-05:00,48.78653913884223,49.07039720846896,48.39473348540278,48.965450286865234,300425000,0.0,0.0
2023-12-22 00:00:00-05:00,49.17034164902082,49.358247143122306,48.442705904447216,48.80552673339844,252507000,0.0,0.0
2023-12-26 00:00:00-05:00,48.94345422311468,49.575137414585996,48.93545881250647,49.25429916381836,244200000,0.0,0.0
2023-12-27 00:00:00-05:00,49.486189463877416,49.65510348950808,49.06040044987627,49.392234802246094,233648000,0.0,0.0
2023-12-28 00:00:00-05:00,49.61812249458572,49.85899903094536,49.38723545621996,49.4971809387207,246587000,0.0,0.0
2023-12-29 00:00:00-05:00,49.78803546733378,49.97194517562977,48.726567424201626,49.4971809387207,389293000,0.0,0.0
2024-01-02 00:00:00-05:00,49.21931693922932,49.27029006493009,47.57114520519551,48.143856048583984,411254000,0.0,0.0
2024-01-03 00:00:00-05:00,47.46119704558236,48.15984414549974,47.29627884269962,47.5451545715332,320896000,0.0,0.0
2024-01-04 00:00:00-05:00,47.74305858328899,48.47569292887805,47.48418951664503,47.97394561767578,306535000,0.0,0.0
2024-01-05 00:00:00-05:00,48.43770769973895,49.522162871947465,48.28178385920585,49.0723876953125,415039000,0.0,0.0
2024-01-08 00:00:00-05:00,49.48719047480535,52.248806418013224,49.45420606560053,52.22681427001953,642510000,0.0,0.0
2024-01-09 00:00:00-05:00,52.37474091414494,54.29777651370217,51.66409487363166,53.11336898803711,773100000,0.0,0.0
2024-01-10 00:00:00-05:00,53.58913202583644,54.57263625073542,53.462192955866946,54.32276153564453,533796000,0.0,0.0
2024-01-11 00:00:00-05:00,54.971438397001265,55.3182646237258,53.53316035979794,54.794525146484375,596759000,0.0,0.0
2024-01-12 00:00:00-05:00,54.59262018659447,54.942447033748536,54.30276844931097,54.68257522583008,352994000,0.0,0.0
2024-01-16 00:00:00-05:00,54.99043337485482,56.806520449692094,54.87249247128063,56.3537483215332,449580000,0.0,0.0
2024-01-17 00:00:00-05:00,56.31876518619403,56.44270360003648,54.71257199394214,56.0249137878418,474394000,0.0,0.0
2024-01-18 00:00:00-05:00,57.23130761519397,57.57113740723664,56.0788854596163,57.07838439941406,491650000,0.0,0.0
2024-01-19 00:00:00-05:00,57.9599392307051,59.470183631396026,57.19632214390486,59.46118927001953,543501000,0.0,0.0
2024-01-22 00:00:00-05:00,60.01890220827391,60.30076235969842,59.04039280818686,59.62409973144531,452955000,0.0,0.0
2024-01-23 00:00:00-05:00,59.54014514062131,59.879974896146315,58.555638180668645,59.842994689941406,294654000,0.0,0.0
2024-01-24 00:00:00-05:00,60.27377702467032,62.81749966312902,59.90795933203634,61.33124542236328,560271000,0.0,0.0
2024-01-25 00:00:00-05:00,62.3187472904737,62.687565633845296,60.81949912329837,61.586116790771484,482777000,0.0,0.0
2024-01-26 00:00:00-05:00,60.92944842366768,61.75203783033358,60.54264514796327,61.00041198730469,390309000,0.0,0.0
2024-01-29 00:00:00-05:00,61.20130919891072,62.45767916479008,60.8764751379027,62.433692932128906,348733000,0.0,0.0
2024-01-30 00:00:00-05:00,62.86847856975012,63.461179887339625,62.22879610932244,62.74253845214844,410735000,0.0,0.0
2024-01-31 00:00:00-05:00,61.409204220277765,62.23779109549254,60.66957725161703,61.49616241455078,453795000,0.0,0.0
2024-02-01 00:00:00-05:00,62.06888110214667,63.15933783476894,61.619109640583545,62.995418548583984,369146000,0.0,0.0
2024-02-02 00:00:00-05:00,63.94193723275367,66.56662061369005,63.658079168244704,66.12684631347656,476578000,0.0,0.0
2024-02-05 00:00:00-05:00,68.19080896214494,69.46217469854224,67.17132346877767,69.29725646972656,680078000,0.0,0.0
2024-02-06 00:00:00-05:00,69.59510487406826,69.71904328530657,66.26677937017486,68.18881225585938,683111000,0.0,0.0
2024-02-07 00:00:00-05:00,68.28475901119934,70.1848072130282,67.56611760223609,70.0638656616211,495575000,0.0,0.0
2024-02-08 00:00:00-05:00,70.03887599609345,70.75851634793179,69.42019057387394,69.60609436035156,414422000,0.0,0.0
2024-02-09 00:00:00-05:00,70.49765833259872,72.14883106624032,70.17682001570536,72.09686279296875,436637000,0.0,0.0
2024-02-12 00:00:00-05:00,72.56362062091156,74.57361455049684,71.21429859372377,72.21179962158203,613710000,0.0,0.0
2024-02-13 00:00:00-05:00,70.36472691376362,73.41319410596859,69.58511896051495,72.09185791015625,602580000,0.0,0.0
2024-02-14 00:00:00-05:00,73.1653277390137,74.19880626705748,71.9019610905451,73.86297607421875,504917000,0.0,0.0
2024-02-15 00:00:00-05:00,73.83197350109086,73.93791554498753,72.36370812701128,72.62157440185547,420122000,0.0,0.0
2024-02-16 00:00:00-05:00,74.06286100719595,74.36471160286108,72.46466337072968,72.57660675048828,495327000,0.0,0.0
2024-02-20 00:00:00-05:00,71.91094295214619,71.91994112607156,67.70005682448759,69.41719818115234,704833000,0.0,0.0
2024-02-21 00:00:00-05:00,67.97191561607241,68.85347738557593,66.21480102707116,67.43818664550781,673755000,0.0,0.0
2024-02-22 00:00:00-05:00,74.98740205219113,78.53561836150196,74.1828051803666,78.49864196777344,865100000,0.0,0.0
2024-02-23 00:00:00-05:00,80.74950699510057,82.35269930987084,77.53111971760488,78.77749633789062,829388000,0.0,0.0
2024-02-26 00:00:00-05:00,79.66005756473585,80.60559027528652,78.46565670997347,79.0523681640625,503973000,0.0,0.0
2024-02-27 00:00:00-05:00,79.34121192660028,79.44016895851776,77.12332991849851,78.66155242919922,391705000,0.0,0.0
2024-02-28 00:00:00-05:00,77.5810991271791,78.89343695625473,77.08634447899664,77.62407684326172,393110000,0.0,0.0
2024-02-29 00:00:00-05:00,79.05436845454679,79.94991557245726,78.31073797222054,79.07235717773438,507289000,0.0,0.0
2024-03-01 00:00:00-05:00,79.95990531943471,82.25875564759677,79.39518604793354,82.23776245117188,479135000,0.0,0.0
2024-03-04 00:00:00-05:00,84.08782752325428,87.65104302544864,83.67703804923654,85.19427490234375,615616000,0.0,0.0
2024-03-05 00:00:00-05:00,85.23126463609206,86.05789246708638,83.37910949267872,85.9249496459961,520639000,0.004,0.0
2024-03-06 00:00:00-05:00,87.98202031125847,89.68324305114874,86.99046652196165,88.65970611572266,582520000,0.0,0.0
2024-03-07 00:00:00-05:00,90.11703886606277,92.7248547713437,89.56129169773,92.62689971923828,608119000,0.0,0.0
2024-03-08 00:00:00-05:00,95.09477882297772,97.35575222228928,86.46669660091352,87.48823547363281,1142269000,0.0,0.0
2024-03-11 00:00:00-04:00,86.38973231212468,88.75665264185574,84.1277600056999,85.73503112792969,678364000,0.0,0.0
2024-03-12 00:00:00-04:00,88.00901063110172,91.9182296909345,86.11087110664366,91.87125396728516,668075000,0.0,0.0
2024-03-13 00:00:00-04:00,91.01363415420467,91.4624276728691,88.39482167096672,90.84671020507812,635713000,0.0,0.0
2024-03-14 00:00:00-04:00,89.5363141970595,90.60482886063097,86.56066146107706,87.904052734375,602318000,0.0,0.0
2024-03-15 00:00:00-04:00,86.89051059382359,89.5053195385714,86.2178197951128,87.7970962524414,642086000,0.0,0.0
2024-03-18 00:00:00-04:00,90.34693053361582,92.3630123531095,87.04542992766956,88.41481018066406,668976000,0.0,0.0
2024-03-19 00:00:00-04:00,86.66061131736247,90.50286685393166,84.97138422754449,89.35739135742188,672171000,0.0,0.0
2024-03-20 00:00:00-04:00,89.7562045087411,90.36893262675873,88.18292203943432,90.33094787597656,479063000,0.0,0.0
2024-03-21 00:00:00-04:00,92.25806799689252,92.60590946151324,90.3639246898217,91.3934555053711,480372000,0.0,0.0
2024-03-22 00:00:00-04:00,91.0995974210595,94.73494632617268,90.79273767099636,94.24617004394531,586719000,0.0,0.0
2024-03-25 00:00:00-04:00,93.89832441902517,96.72203796887115,93.46752046670314,94.9588394165039,552136000,0.0,0.0
2024-03-26 00:00:00-04:00,95.80744995656973,96.33121396198779,92.45997248331167,92.5189437866211,513648000,0.0,0.0
2024-03-27 00:00:00-04:00,93.06969894575073,93.1976391484463,89.08251272541551,90.20899963378906,586067000,0.0,0.0
2024-03-28 00:00:00-04:00,89.95911557929476,91.25852807692272,89.15248296936366,90.31495666503906,435212000,0.0,0.0
2024-04-01 00:00:00-04:00,90.25798652750393,92.18310654401581,89.16348269596169,90.32195281982422,452441000,0.0,0.0
2024-04-02 00:00:00-04:00,88.40781242384669,90.0530682986896,87.5801933164325,89.41136169433594,433064000,0.0,0.0
2024-04-03 00:00:00-04:00,88.44381388856061,90.3329548866708,88.35985240535257,88.92359161376953,370067000,0.0,0.0
2024-04-04 00:00:00-04:00,90.36492919277833,90.59283007199305,85.84098425791797,85.86597442626953,434965000,0.0,0.0
2024-04-05 00:00:00-04:00,86.82653051798945,88.44080224771263,85.88696278429457,87.968017578125,399678000,0.0,0.0
2024-04-08 00:00:00-04:00,88.65969605555898,88.78964187058105,86.69259552509367,87.09341430664062,283220000,0.0,0.0
2024-04-09 00:00:00-04:00,87.40226463843116,87.59517772557601,82.98427507127602,85.3152084350586,501700000,0.0,0.0
2024-04-10 00:00:00-04:00,83.88787363370758,87.36029436616496,83.67096935278308,86.99945831298828,431929000,0.0,0.0
2024-04-11 00:00:00-04:00,87.3802819466206,90.69777431894295,86.88651070979101,90.5748291015625,431637000,0.0,0.0
2024-04-12 00:00:00-04:00,89.6582404467223,90.13402971553248,87.490227268918,88.14592742919922,426805000,0.0,0.0
2024-04-15 00:00:00-04:00,89.05752248069292,90.57183360831459,85.88996343395554,85.96192932128906,443077000,0.0,0.0
2024-04-16 00:00:00-04:00,86.39372622024712,88.07795816892963,86.02489821377218,87.37528228759766,370453000,0.0,0.0
2024-04-17 00:00:00-04:00,88.29986306960333,88.73467063272588,83.91185807695048,83.996826171875,495400000,0.0,0.0
2024-04-18 00:00:00-04:00,84.93140562762866,86.15085269192379,82.3645712871811,84.63253784179688,447260000,0.0,0.0
2024-04-19 00:00:00-04:00,83.11223818340684,84.28570097395453,75.57166564195786,76.16539001464844,875198000,0.0,0.0
2024-04-22 00:00:00-04:00,78.0685134774025,80.03662072603697,76.36529285459991,79.48187255859375,596341000,0.0,0.0
2024-04-23 00:00:00-04:00,80.73231101825336,82.7314025960764,80.22754314018754,82.38555908203125,438559000,0.0,0.0
2024-04-24 00:00:00-04:00,83.91187010061775,84.04381393377481,79.14703679619026,79.64081573486328,512208000,0.0,0.0
2024-04-25 00:00:00-04:00,78.83216944223621,83.28514753299602,78.18746579696108,82.59446716308594,424641000,0.0,0.0
2024-04-26 00:00:00-04:00,83.77993152652552,88.29088225677599,83.34912752628662,87.69515228271484,551011000,0.0,0.0
2024-04-29 00:00:00-04:00,87.55520360857133,87.9520187834122,85.22725937914602,87.71713256835938,388971000,0.0,0.0
2024-04-30 00:00:00-04:00,87.20036391885291,88.77864894371163,86.26079615525377,86.36274719238281,363709000,0.0,0.0
2024-05-01 00:00:00-04:00,85.0383433055248,85.96092040406639,81.21807385271738,83.00326538085938,559863000,0.0,0.0
2024-05-02 00:00:00-04:00,84.41063276835533,86.19782250273573,83.16219963332766,85.77801513671875,377898000,0.0,0.0
2024-05-03 00:00:00-04:00,87.74911915331617,89.24043810826264,87.00045887297132,88.74866485595703,398341000,0.0,0.0
2024-05-06 00:00:00-04:00,89.34939372661962,92.17811002124398,89.01454681643976,92.09814453125,376203000,0.0,0.0
2024-05-07 00:00:00-04:00,91.05661474475471,91.73930312313776,88.97056485934608,90.51286315917969,437342000,0.0,0.0
2024-05-08 00:00:00-04:00,89.44234711947476,91.15256830092393,89.37937220367726,90.37092590332031,325721000,0.0,0.0
2024-05-09 00:00:00-04:00,90.48786834493905,91.0306209060013,88.19091589664993,88.70668029785156,378013000,0.0,0.0
2024-05-10 00:00:00-04:00,90.26398145980926,91.35948429960405,89.18646818667818,89.83717346191406,335325000,0.0,0.0
2024-05-13 00:00:00-04:00,90.43689190742707,90.95665993755156,88.48877985590597,90.3579330444336,289680000,0.0,0.0
2024-05-14 00:00:00-04:00,89.55830082348145,91.60937070385219,88.89360196869727,91.31450653076172,296507000,0.0,0.0
2024-05-15 00:00:00-04:00,92.43000380086178,94.81891776809128,91.55739917721064,94.58702087402344,417735000,0.0,0.0
2024-05-16 00:00:00-04:00,94.86689143447046,95.7754751109485,94.06025117593339,94.3161392211914,323952000,0.0,0.0
2024-05-17 00:00:00-04:00,94.32612955185614,94.69695556940256,91.76429043608688,92.43698120117188,359691000,0.0,0.0
2024-05-20 00:00:00-04:00,93.70740764472103,95.15674583258804,93.39755092373957,94.7369384765625,318764000,0.0,0.0
2024-05-21 00:00:00-04:00,93.55647591838027,95.35666020460762,93.13766755607001,95.34266662597656,328946000,0.0,0.0
2024-05-22 00:00:00-04:00,95.41563946312446,95.97638165173369,93.20664422258311,94.90686798095703,548648000,0.0,0.0
2024-05-23 00:00:00-04:00,101.98164718121453,106.27169708469262,101.47387473907386,103.75184631347656,835065000,0.0,0.0
2024-05-24 00:00:00-04:00,104.40154485251333,106.42662538840617,102.95320565484818,106.4206314086914,429494000,0.0,0.0
2024-05-28 00:00:00-04:00,110.19391464603646,114.88678119811563,109.83307860304417,113.84925079345703,652728000,0.0,0.0
2024-05-29 00:00:00-04:00,112.99863970593697,115.43952391941134,110.85061401228768,114.7728271484375,557442000,0.0,0.0
2024-05-30 00:00:00-04:00,114.5979068006944,115.76637434873233,109.61317328431451,110.44979095458984,484553000,0.0,0.0
2024-05-31 00:00:00-04:00,112.46888043622216,112.66579716472957,106.89142114521177,109.58319854736328,613263000,0.0,0.0
2024-06-03 00:00:00-04:00,113.56938260132851,114.94775390625,111.95211383768398,114.94775390625,438392000,0.0,0.0
2024-06-04 00:00:00-04:00,115.66344393803814,116.547037473925,113.99319767795535,116.38410949707031,403324000,0.0,0.0
2024-06-05 00:00:00-04:00,118.31722487581986,122.39336749547275,117.41463524122511,122.3843765258789,528402000,0.0,0.0
2024-06-06 00:00:00-04:00,123.99164893221229,125.5299513206976,118.26625399255828,120.94303894042969,664696000,0.0,0.0
2024-06-07 00:00:00-04:00,119.71559570112827,121.63672740368239,117.96839619109423,120.83309173583984,412386000,0.0,0.0
2024-06-10 00:00:00-04:00,120.31531947295237,123.04407498199869,116.95684528802722,121.73467254638672,313434100,0.0,10.0
2024-06-11 00:00:00-04:00,121.72467073332551,122.82426738641215,118.69579979713426,120.86499786376953,222551200,0.01,0.0
2024-06-12 00:00:00-04:00,123.01420123899119,126.83277933516129,122.52438572610106,125.15340423583984,299595000,0.0,0.0
2024-06-13 00:00:00-04:00,129.34183299573078,129.7516840309139,127.11266740076113,129.56175231933594,260704500,0.0,0.0
2024-06-14 00:00:00-04:00,129.9116488754234,132.7905668615139,128.27225972601377,131.8309326171875,309320400,0.0,0.0
2024-06-17 00:00:00-04:00,132.94052101290185,133.68023590303568,129.53178618492996,130.93125915527344,288504400,0.0,0.0
2024-06-18 00:00:00-04:00,131.09119107562512,136.2792618770274,130.64136160940566,135.529541015625,294335100,0.0,0.0
2024-06-20 00:00:00-04:00,139.74798663394793,140.70762089792785,129.47181280958608,130.73133850097656,517768400,0.0,0.0
2024-06-21 00:00:00-04:00,127.07269417738873,130.5813900425734,124.25374396453276,126.52289581298828,649445800,0.0,0.0
2024-06-24 00:00:00-04:00,123.1941358670106,124.41368308176598,117.99607402301477,118.06604766845703,476060900,0.0,0.0
2024-06-25 00:00:00-04:00,121.15488851140898,126.45291899832442,119.27559095881188,126.0430679321289,414192600,0.0,0.0
2024-06-26 00:00:00-04:00,126.08306250851786,128.07231986611026,122.5543772913855,126.35296630859375,362975900,0.0,0.0
2024-06-27 00:00:00-04:00,124.05382259569785,126.36296826297679,122.87426135217639,123.94386291503906,252571700,0.0,0.0
2024-06-28 00:00:00-04:00,124.53364006899224,127.66247251115811,122.70431926304767,123.49402618408203,315516700,0.0,0.0
2024-07-01 00:00:00-04:00,123.42404550019782,124.79353070313833,118.78577312531401,124.25373840332031,284885500,0.0,0.0
2024-07-02 00:00:00-04:00,121.0849161012404,123.36407395616142,120.98495484371743,122.62434387207031,218374000,0.0,0.0
2024-07-03 00:00:00-04:00,121.61472281837746,128.2322540283203,121.31483142526585,128.2322540283203,215749000,0.0,0.0
2024-07-05 00:00:00-04:00,127.3325834560472,128.8020451346638,125.63321928620486,125.78316497802734,214176700,0.0,0.0
2024-07-08 00:00:00-04:00,127.44253270774867,130.72131795385047,126.99270329559334,128.1522674560547,237677300,0.0,0.0
2024-07-09 00:00:00-04:00,130.30150022676182,133.77021018974597,128.60212062869667,131.33111572265625,285366600,0.0,0.0
2024-07-10 00:00:00-04:00,133.98012482225403,135.0497339856147,132.37072330988062,134.85980224609375,248978600,0.0,0.0
2024-07-11 00:00:00-04:00,135.69949180687476,136.09933687854166,127.00273184666977,127.35260009765625,374782700,0.0,0.0
2024-07-12 00:00:00-04:00,128.21226350748265,131.87090512655513,127.17265724708656,129.19190979003906,252680500,0.0,0.0
2024-07-15 00:00:00-04:00,130.51140270339172,131.34109560506872,127.13266349593106,128.39219665527344,208326200,0.0,0.0
2024-07-16 00:00:00-04:00,128.39219298118343,128.99196049020554,124.53362918601508,126.3129653930664,214769500,0.0,0.0
2024-07-17 00:00:00-04:00,121.30483311779221,121.80464702237855,116.67655910688254,117.94608306884766,390086200,0.0,0.0
2024-07-18 00:00:00-04:00,121.80464878579994,122.35444713942657,116.51661668353269,121.04492950439453,320979500,0.0,0.0
2024-07-19 00:00:00-04:00,120.30520587770535,121.55474064508192,117.3263192631504,117.8861083984375,217223800,0.0,0.0
2024-07-22 00:00:00-04:00,120.30521088452835,124.02382772725001,119.81539537076715,123.49402618408203,258068900,0.0,0.0
2024-07-23 00:00:00-04:00,122.73430428762777,124.64359711208203,122.05455705517221,122.54437255859375,173911000,0.0,0.0
2024-07-24 00:00:00-04:00,119.12564059736765,119.90534904476712,113.39777769436101,114.20747375488281,327776900,0.0,0.0
2024-07-25 00:00:00-04:00,112.99792419777776,116.5865842364698,106.26043515376628,112.23820495605469,460067000,0.0,0.0
2024-07-26 00:00:00-04:00,116.14674579497469,116.15673658093242,111.53846145247975,113.01790618896484,293399100,0.0,0.0
2024-07-29 00:00:00-04:00,113.64769415647501,116.23672666024935,111.25858417462841,111.54846954345703,248152100,0.0,0.0
2024-07-30 00:00:00-04:00,111.4784845370564,111.94831080491622,102.50183151527264,103.69139099121094,486833300,0.0,0.0
2024-07-31 00:00:00-04:00,112.85797882293917,118.29594880516444,110.83872641972829,116.9764404296875,473174200,0.0,0.0
2024-08-01 00:00:00-04:00,117.4862607613273,120.11528690507727,106.77024891874801,109.16935729980469,523462300,0.0,0.0
2024-08-02 00:00:00-04:00,103.72138389300983,108.67953692460011,101.3322740328123,107.23007202148438,482027500,0.0,0.0
2024-08-05 00:00:00-04:00,92.02573599453234,103.37151801623692,90.65625074239716,100.41261291503906,552842400,0.0,0.0
2024-08-06 00:00:00-04:00,103.8013534449751,107.66991601333109,100.51258449303656,104.2112045288086,409012100,0.0,0.0
2024-08-07 00:00:00-04:00,107.76987337493198,108.75951041282163,98.65327249174283,98.8731918334961,411440400,0.0,0.0
2024-08-08 00:00:00-04:00,101.9620353134048,105.46073260357065,97.48369942630838,104.9309310913086,391910000,0.0,0.0
2024-08-09 00:00:00-04:00,105.60068963485523,106.5603314935722,103.39151291428456,104.71102142333984,290844200,0.0,0.0
2024-08-12 00:00:00-04:00,106.28043141146973,111.02866364109283,106.22045618169847,108.97942352294922,325559900,0.0,0.0
2024-08-13 00:00:00-04:00,112.3981514576694,116.18674170739067,111.53847094577725,116.09677124023438,312646700,0.0,0.0
2024-08-14 00:00:00-04:00,118.48587833495135,118.55585197377565,114.02753939679958,118.03604888916016,339246400,0.0,0.0
2024-08-15 00:00:00-04:00,118.71580500966671,123.1941334844724,117.42628417440801,122.81427764892578,318086700,0.0,0.0
2024-08-16 00:00:00-04:00,121.89461364819915,124.95347220733727,121.13489440174322,124.53363037109375,302589900,0.0,0.0
2024-08-19 00:00:00-04:00,124.23374212691918,129.9516143798828,123.37406160628171,129.9516143798828,318333600,0.0,0.0
2024-08-20 00:00:00-04:00,128.35220257999387,129.83166269656482,125.8431423095097,127.20263671875,300087400,0.0,0.0
2024-08-21 00:00:00-04:00,127.27261778490315,129.30186873034427,126.61286736853016,128.45217895507812,257883600,0.0,0.0
2024-08-22 00:00:00-04:00,129.97162409913395,130.70134819678017,123.05419322056757,123.69395446777344,376189100,0.0,0.0
2024-08-23 00:00:00-04:00,125.81315043381734,129.5517637458536,125.1733892777955,129.32183837890625,323230300,0.0,0.0
2024-08-26 00:00:00-04:00,129.52177629309574,131.21113439629798,124.32370736081246,126.41292572021484,331964700,0.0,0.0
2024-08-27 00:00:00-04:00,125.00346773520825,129.15191727923408,123.83389733541988,128.25225830078125,303134600,0.0,0.0
2024-08-28 00:00:00-04:00,128.0723157316594,128.28224429229948,122.59435936439931,125.5632553100586,448101100,0.0,0.0
2024-08-29 00:00:00-04:00,121.31483536128766,124.38369252727087,116.66656437657561,117.54623413085938,453023300,0.0,0.0
2024-08-30 00:00:00-04:00,119.48551326917712,121.70468827145996,117.17637542296369,119.32557678222656,333751600,0.0,0.0
2024-09-03 00:00:00-04:00,115.96682140906611,116.1667439153335,107.25006590844444,107.95980072021484,477155100,0.0,0.0
2024-09-04 00:00:00-04:00,105.37076592928464,113.22783311293709,104.08124520263415,106.17046356201172,372470300,0.0,0.0
2024-09-05 00:00:00-04:00,104.95092237696757,109.60919166518133,104.72101224991617,107.17009735107422,306850700,0.0,0.0
2024-09-06 00:00:00-04:00,107.99979292793853,108.10975260064535,100.9124275647732,102.79173278808594,413638100,0.0,0.0
2024-09-09 00:00:00-04:00,104.8409619618805,106.5103462006769,103.65141005409866,106.43037414550781,273912000,0.0,0.0
2024-09-10 00:00:00-04:00,107.7698680771714,109.3592802066297,104.910932028029,108.05976104736328,268283700,0.0,0.0
2024-09-11 00:00:00-04:00,109.3492805366119,117.14638014948389,107.38001262051282,116.86648559570312,441422400,0.0,0.0
2024-09-12 00:00:00-04:00,116.80649893712271,120.75537106961634,115.346918426563,119.10584259033203,366052700,0.01,0.0
2024-09-13 00:00:00-04:00,119.04586602282129,119.92561101375162,117.56628692781244,119.06585693359375,238358300,0.0,0.0
2024-09-16 00:00:00-04:00,116.75652026497235,118.14612117800917,114.32721657757573,116.74652099609375,248772300,0.0,0.0
2024-09-17 00:00:00-04:00,118.13612413784692,118.76594842655497,114.7970852268969,115.5568618774414,231925900,0.0,0.0
2024-09-18 00:00:00-04:00,115.85677572945441,117.66625439302568,113.18754300284537,113.3375015258789,310318900,0.0,0.0
2024-09-19 00:00:00-04:00,117.31635695887289,119.62569992209964,117.21638715198857,117.83621215820312,293506400,0.0,0.0
2024-09-20 00:00:00-04:00,117.02644483175867,118.58600287786223,115.35692533181683,115.96675109863281,382462400,0.0,0.0
2024-09-23 00:00:00-04:00,116.51659472951452,116.9564634197924,114.82707671663402,116.22667694091797,206228500,0.0,0.0
2024-09-24 00:00:00-04:00,116.48659840876869,121.76509140434464,115.34692577819862,120.83535766601562,354966800,0.0,0.0
2024-09-25 00:00:00-04:00,121.98501577990396,124.90418446690079,121.57513728542474,123.47459411621094,284692900,0.0,0.0
2024-09-26 00:00:00-04:00,126.76365118817954,127.63339688941237,121.76508462125145,124.00444030761719,302582900,0.0,0.0
2024-09-27 00:00:00-04:00,123.93446689659378,123.99444725769884,119.22581786965418,121.36520385742188,271009200,0.0,0.0
2024-09-30 00:00:00-04:00,118.27607446992181,121.46516224022741,118.11612431295472,121.40518188476562,226553700,0.0,0.0
2024-10-01 00:00:00-04:00,121.7350904738439,122.4049042106216,115.7568089513518,116.96646118164062,302094500,0.0,0.0
2024-10-02 00:00:00-04:00,116.4066204825267,119.34577243311742,115.10699012612709,118.81592559814453,221845900,0.0,0.0
2024-10-03 00:00:00-04:00,120.88533415502995,124.3243504544059,120.30549859251518,122.81478118896484,277118000,0.0,0.0
2024-10-04 00:00:00-04:00,124.90418432860164,125.00415413490973,121.79507530101387,124.88418579101562,243678100,0.0,0.0
2024-10-07 00:00:00-04:00,124.95417447518639,130.6025566538886,124.91418502432315,127.68339538574219,346250200,0.0,0.0
2024-10-08 00:00:00-04:00,130.2226473652744,133.44172537204778,129.38289186465897,132.85189819335938,285722500,0.0,0.0
2024-10-09 00:00:00-04:00,134.0715571884807,134.48144332062452,131.34234403030248,132.61196899414062,246191600,0.0,0.0
2024-10-10 00:00:00-04:00,131.87219951867377,134.96131029321415,130.9624566548967,134.7713623046875,242311300,0.0,0.0
2024-10-11 00:00:00-04:00,133.97158567859756,135.74108264717918,133.62169514533127,134.76136779785156,170209500,0.0,0.0
2024-10-14 00:00:00-04:00,136.43089368651033,139.56000161928338,136.26094423310064,138.0304412841797,232347700,0.0,0.0
2024-10-15 00:00:00-04:00,137.8304782609884,138.53028982768672,128.70310551155586,131.56228637695312,377831000,0.0,0.0
2024-10-16 00:00:00-04:00,133.94156959886413,136.58081182356645,131.5422640325576,135.6810760498047,264879700,0.0,0.0
2024-10-17 00:00:00-04:00,139.30005999950754,140.84961880375567,136.83076670766295,136.8907470703125,306435900,0.0,0.0
2024-10-18 00:00:00-04:00,138.63024003343975,138.86016981880368,137.24063917112105,137.96043395996094,176090200,0.0,0.0
2024-10-21 00:00:00-04:00,138.090405825162,143.66880798339844,137.96043821210023,143.66880798339844,264554500,0.0,0.0
2024-10-22 00:00:00-04:00,142.86904559419827,144.37860733596548,141.73936457126644,143.54884338378906,226311600,0.0,0.0
2024-10-23 00:00:00-04:00,141.9892821435429,142.3891613712536,137.42060018656866,139.51998901367188,285930000,0.0,0.0
2024-10-24 00:00:00-04:00,140.77963709898057,141.30948393843238,138.42031305269128,140.3697509765625,172354900,0.0,0.0
2024-10-25 00:00:00-04:00,140.88959441527413,144.0886893234089,140.7596420534019,141.49942016601562,205122100,0.0,0.0
2024-10-28 00:00:00-04:00,142.95902137870084,143.09898064959424,140.00986979275078,140.479736328125,173586700,0.0,0.0
2024-10-29 00:00:00-04:00,140.2497716969522,142.2192081120129,138.86017082456863,141.20950317382812,157593600,0.0,0.0
2024-10-30 00:00:00-04:00,139.49998843906093,140.28977049571748,136.77077537646986,139.300048828125,179418100,0.0,0.0
2024-10-31 00:00:00-04:00,137.56056330274592,137.57055494467397,132.07213151004177,132.72193908691406,270039600,0.0,0.0
2024-11-01 00:00:00-04:00,134.6613944536623,137.2706470867555,134.53144208222884,135.36119079589844,207127800,0.0,0.0
2024-11-04 00:00:00-05:00,137.17067271068436,138.9201710380497,135.53114345978716,136.01100158691406,187528200,0.0,0.0
2024-11-05 00:00:00-05:00,137.41058693125512,140.32974787080795,137.29062621937655,139.86988830566406,160537400,0.0,0.0
2024-11-06 00:00:00-05:00,142.91901845044762,146.44800513885863,141.91930516184587,145.56825256347656,242043900,0.0,0.0
2024-11-07 00:00:00-05:00,146.3480493601011,148.88731477688594,146.12811118371621,148.83734130859375,207323300,0.0,0.0
2024-11-08 00:00:00-05:00,148.7273495355645,149.72706281958904,146.21805942983792,147.58767700195312,175665800,0.0,0.0
2024-11-11 00:00:00-05:00,148.6373710400852,148.80733573059373,143.52885055228916,145.21835327148438,182325600,0.0,0.0
2024-11-12 00:00:00-05:00,146.73792067016035,149.60709303241688,145.9681371384276,148.2474822998047,198634700,0.0,0.0
2024-11-13 00:00:00-05:00,149.02725794545245,149.2871778926647,145.85815359464874,146.22805786132812,191903300,0.0,0.0
2024-11-14 00:00:00-05:00,147.59767865642831,148.95728942511607,145.50828141212895,146.71792602539062,194463300,0.0,0.0
2024-11-15 00:00:00-05:00,144.8284560077565,145.19836028928967,140.03983617411208,141.9392852783203,250132900,0.0,0.0
2024-11-18 00:00:00-05:00,139.45999475223928,141.50940991238423,137.1106625740026,140.10980224609375,221205300,0.0,0.0
2024-11-19 00:00:00-05:00,141.2794937524248,147.08782570288798,140.94958652618317,146.9678497314453,227834900,0.0,0.0
2024-11-20 00:00:00-05:00,147.36774356025674,147.5176944558783,142.68907730947365,145.84817504882812,309871700,0.0,0.0
2024-11-21 00:00:00-05:00,149.30720000657334,152.84617867409492,140.65967008206871,146.62796020507812,400946600,0.0,0.0
2024-11-22 00:00:00-05:00,145.88815647311117,147.11781483152527,141.05955459424152,141.9093017578125,236406200,0.0,0.0
2024-11-25 00:00:00-05:00,141.9492922301626,142.0092725854583,135.78106320516017,135.9810028076172,344941900,0.0,0.0
2024-11-26 00:00:00-05:00,137.66052777043362,139.26007526155422,135.63111085304342,136.88075256347656,190287700,0.0,0.0
2024-11-27 00:00:00-05:00,134.97128602051475,137.18065910710888,131.76221489663718,135.3011932373047,226370900,0.0,0.0
2024-11-29 00:00:00-05:00,136.74079305563075,139.31006372977,136.0110065692894,138.2103729248047,141863200,0.0,0.0
2024-12-02 00:00:00-05:00,138.79021062156448,140.40974141861778,137.7805055975671,138.59027099609375,171682800,0.0,0.0
2024-12-03 00:00:00-05:00,138.22037595856943,140.4997214017946,137.91046723010535,140.2198028564453,164414000,0.0,0.0
2024-12-04 00:00:00-05:00,141.95930442882306,145.74821154635353,140.2497877832653,145.09840393066406,231224300,0.0,0.0
2024-12-05 00:00:00-05:00,145.0784040292141,146.50808533514203,143.91865294893697,145.02841186523438,172621200,0.01,0.0
2024-12-06 00:00:00-05:00,144.56853006182772,145.66828146425675,141.27923767487087,142.40899658203125,188505600,0.0,0.0
2024-12-09 00:00:00-05:00,138.93972344033872,139.91950565348523,137.1001279875636,138.77975463867188,189308600,0.0,0.0
2024-12-10 00:00:00-05:00,138.97971741196267,141.78911819403848,133.76085313448985,135.04058837890625,210020900,0.0,0.0
2024-12-11 00:00:00-05:00,137.33007570041752,140.1394610798945,135.18055019628483,139.27964782714844,184905200,0.0,0.0
2024-12-12 00:00:00-05:00,137.05013599112348,138.40984029596007,135.77041608721427,137.31007385253906,159211400,0.0,0.0
2024-12-13 00:00:00-05:00,138.90974525213795,139.56960518418134,132.51112983721956,134.22076416015625,231514900,0.0,0.0
2024-12-16 00:00:00-05:00,134.1507548377073,134.37070812011547,130.39157963416955,131.9712371826172,237951100,0.0,0.0
2024-12-17 00:00:00-05:00,129.06188284882555,131.5613383936032,126.8323727744144,130.36160278320312,259410300,0.0,0.0
2024-12-18 00:00:00-05:00,133.83084634553458,136.67022414162827,128.2520598203989,128.88192749023438,277444500,0.0,0.0
2024-12-19 00:00:00-05:00,131.7312862928068,134.0007959707685,129.52177635647746,130.65151977539062,209719200,0.0,0.0
2024-12-20 00:00:00-05:00,129.7817201303188,135.25052978203578,128.19207015255643,134.670654296875,306528600,0.0,0.0
2024-12-23 00:00:00-05:00,136.25031123897003,139.75954112073697,135.09056027465786,139.6395721435547,176053500,0.0,0.0
2024-12-24 00:00:00-05:00,139.9695150682445,141.8690952419841,138.61980292789985,140.18946838378906,105157000,0.0,0.0
2024-12-26 00:00:00-05:00,139.6695752314167,140.81933395538283,137.70000300728188,139.89952087402344,116205600,0.0,0.0
2024-12-27 00:00:00-05:00,138.51983681592935,138.98973570413628,134.6806765533369,136.98016357421875,170582600,0.0,0.0
2024-12-30 00:00:00-05:00,134.80062832550155,140.23944563051566,133.99080722961983,137.46005249023438,167734700,0.0,0.0
2024-12-31 00:00:00-05:00,137.99994871496077,138.0399485497518,133.80086613446198,134.26075744628906,155659200,0.0,0.0
2025-01-02 00:00:00-05:00,135.97038221662075,138.84975989825128,134.60068545398187,138.27987670898438,198247200,0.0,0.0
2025-01-03 00:00:00-05:00,139.97950221326124,144.86843662681642,139.69956441393234,144.43853759765625,229322500,0.0,0.0
2025-01-06 00:00:00-05:00,148.55763229845726,152.12686204773377,147.78781099429082,149.39744567871094,265377400,0.0,0.0
2025-01-07 00:00:00-05:00,152.99665754898407,153.09664186378797,139.97948999458222,140.10946655273438,351782200,0.0,0.0
2025-01-08 00:00:00-05:00,142.54894625810496,143.91864297451565,137.5300354006173,140.07948303222656,227349900,0.0,0.0
2025-01-10 00:00:00-05:00,137.42007490895548,139.88953842521914,134.19078233209814,135.8804168701172,207602500,0.0,0.0
2025-01-13 00:00:00-05:00,129.96170394882952,133.46094192558937,129.4817974709377,133.20098876953125,204808900,0.0,0.0
2025-01-14 00:00:00-05:00,136.02036676060487,136.35029670610186,130.021673763493,131.73129272460938,195590500,0.0,0.0
2025-01-15 00:00:00-05:00,133.6208947252083,136.42028814155947,131.26140794998662,136.21034240722656,185217300,0.0,0.0
2025-01-16 00:00:00-05:00,138.6097963703303,138.7197730168145,133.46092441099125,133.54090881347656,209235600,0.0,0.0
2025-01-17 00:00:00-05:00,136.66022586007293,138.46982912838536,135.4304980750839,137.6800079345703,201188800,0.0,0.0
2025-01-21 00:00:00-05:00,139.1296971907641,141.79911388356058,137.0601406758009,140.79933166503906,197749000,0.0,0.0
2025-01-22 00:00:00-05:00,144.6285153116103,147.7578236263026,143.63872531436203,147.03799438476562,237651400,0.0,0.0
2025-01-23 00:00:00-05:00,145.0184168760411,147.19793483530896,143.68870466698334,147.1879425048828,155915500,0.0,0.0
2025-01-24 00:00:00-05:00,148.3376757009225,148.93755110518853,141.8490991802554,142.58892822265625,234657600,0.0,0.0
2025-01-27 00:00:00-05:00,124.77282637681094,128.3720332810038,116.67458414531102,118.39421081542969,818830900,0.0,0.0
2025-01-28 00:00:00-05:00,121.78346978934897,128.97190639273322,116.22468308647471,128.9619140625,579666400,0.0,0.0
2025-01-29 00:00:00-05:00,126.47245082309266,126.86236527865272,120.02385855553806,123.67305755615234,467120600,0.0,0.0
2025-01-30 00:00:00-05:00,123.07319817148095,124.9727860449103,118.07428672968454,124.62286376953125,392925500,0.0,0.0
2025-01-31 00:00:00-05:00,123.75304497053646,127.8221583994493,119.16404813082586,120.04385375976562,388161100,0.0,0.0
2025-02-03 00:00:00-05:00,114.72501007137596,118.54417785753162,112.98539113939225,116.63459777832031,371235700,0.0,0.0
2025-02-04 00:00:00-05:00,116.93452639047727,121.17360082598954,116.67458088005824,118.62416076660156,256550000,0.0,0.0
2025-02-05 00:00:00-05:00,121.73347969845142,124.97277180794829,120.73369752398783,124.80281066894531,262230800,0.0,0.0
2025-02-06 00:00:00-05:00,127.3922271289814,128.74193900024156,125.18270971123121,128.65194702148438,251483600,0.0,0.0
2025-02-07 00:00:00-05:00,129.19186169746956,130.34160516615898,124.97277944303538,129.8117218017578,228186300,0.0,0.0
2025-02-10 00:00:00-05:00,130.06165595495793,134.97058996230598,129.93169464945112,133.54090881347656,216989100,0.0,0.0
2025-02-11 00:00:00-05:00,132.55113432807275,134.45071452657314,130.991476437857,132.77108764648438,178902400,0.0,0.0
2025-02-12 00:00:00-05:00,129.9916837727306,132.21120144058102,129.05188607934784,131.11143493652344,160278600,0.0,0.0
2025-02-13 00:00:00-05:00,131.53134519031366,136.4702717517269,131.1414307383845,135.26052856445312,197430000,0.0,0.0
2025-02-14 00:00:00-05:00,136.45026901957874,139.21966995740726,135.47048674490975,138.81976318359375,195479600,0.0,0.0
2025-02-18 00:00:00-05:00,141.239247408195,143.408773131914,137.89996298841217,139.36964416503906,219176600,0.0,0.0
2025-02-19 00:00:00-05:00,139.47961431944915,141.32921755912488,137.1901197103136,139.19967651367188,167536000,0.0,0.0
2025-02-20 00:00:00-05:00,139.9994986264957,140.62936628696042,136.7601988439899,140.07948303222656,143903600,0.0,0.0
2025-02-21 00:00:00-05:00,140.00948969645043,141.42919381606555,134.00080428998024,134.4007110595703,228217600,0.0,0.0
2025-02-24 00:00:00-05:00,136.53026411475935,138.55982089892026,130.05167928786804,130.2516326904297,251381100,0.0,0.0
2025-02-25 00:00:00-05:00,129.9516936613149,130.17164697857655,124.41290666278033,126.60242462158203,271428700,0.0,0.0
2025-02-26 00:00:00-05:00,129.96170661334043,133.7008826502409,128.46203316398234,131.2514190673828,322553800,0.0,0.0
2025-02-27 00:00:00-05:00,134.97060540054449,134.98059773119874,119.98387142553824,120.12384033203125,443175800,0.0,0.0
2025-02-28 00:00:00-05:00,117.99429297871988,125.06275289296238,116.37465068149442,124.89279174804688,389091100,0.0,0.0
2025-03-03 00:00:00-05:00,123.48310269608358,123.67305612882248,112.25554513947324,114.03515625,411381400,0.0,0.0
2025-03-04 00:00:00-05:00,110.62590357369604,119.28401358591904,110.0860202624711,115.96473693847656,398163300,0.0,0.0
2025-03-05 00:00:00-05:00,117.55438999810913,118.25423446970035,114.48505902516025,117.27445220947266,284337900,0.0,0.0
2025-03-06 00:00:00-05:00,113.50527582346177,115.32487918451908,110.1959990692751,110.5459213256836,321181900,0.0,0.0
2025-03-07 00:00:00-05:00,111.22576986878714,113.45528753337068,107.53657110597264,112.66545867919922,341755500,0.0,0.0
2025-03-10 00:00:00-04:00,109.87606538139453,111.82563762164718,105.43702996945572,106.95670318603516,366487400,0.0,0.0
2025-03-11 00:00:00-04:00,106.96669412251354,112.2155506077548,104.74717644545998,108.73631286621094,354865700,0.0,0.0
2025-03-12 00:00:00-04:00,114.10564961231475,116.74531696319002,112.8658000774832,115.7254409790039,323857500,0.01,0.0
2025-03-13 00:00:00-04:00,117.01527472285696,117.74518623487266,113.77568449740161,115.56546020507812,299033100,0.0,0.0
2025-03-14 00:00:00-04:00,118.59508095437823,121.86466627272753,118.13513973204245,121.65469360351562,277593500,0.0,0.0
2025-03-17 00:00:00-04:00,122.72455649146468,122.87453914631989,118.01514995099303,119.51496124267578,255501500,0.0,0.0
2025-03-18 00:00:00-04:00,117.98515020944649,119.00501849033903,114.52558655092061,115.41547393798828,299686900,0.0,0.0
2025-03-19 00:00:00-04:00,117.25523471702526,120.43483472433577,115.66543852758707,117.50520324707031,273426200,0.0,0.0
2025-03-20 00:00:00-04:00,116.53533674228605,120.18487133427746,116.4553449784264,118.51508331298828,248829700,0.0,0.0
2025-03-21 00:00:00-04:00,116.92528940681295,117.97515272195331,115.40547637665556,117.68518829345703,266498500,0.0,0.0
2025-03-24 00:00:00-04:00,119.86491568880827,122.20462527069279,119.32498270837338,121.39472961425781,228452500,0.0,0.0
2025-03-25 00:00:00-04:00,120.53483816820751,121.27474294212928,118.90503833586045,120.67481994628906,167447200,0.0,0.0
2025-03-26 00:00:00-04:00,118.7150653108018,118.82504445296345,112.69581844673802,113.74568939208984,293463300,0.0,0.0
2025-03-27 00:00:00-04:00,111.33598571474475,114.43559407181797,110.6460777346271,111.41597747802734,236902100,0.0,0.0
2025-03-28 00:00:00-04:00,111.47596724864877,112.85579846281165,109.05627362776653,109.65619659423828,229872500,0.0,0.0
2025-03-31 00:00:00-04:00,105.11677236112796,110.94604080353734,103.63696281055644,108.36636352539062,299212700,0.0,0.0
2025-04-01 00:00:00-04:00,108.50634668924769,110.18613567920701,106.45660912113902,110.13614654541016,222614000,0.0,0.0
2025-04-02 00:00:00-04:00,107.27650160670082,111.96591394846298,106.77656451707789,110.4061050415039,220601200,0.0,0.0
2025-04-03 00:00:00-04:00,103.49698496682684,105.61671347851724,101.58722150219326,101.78720092773438,338769400,0.0,0.0
2025-04-04 00:00:00-04:00,98.89756129670621,100.11740141914926,92.09841365005991,94.29813385009766,532273800,0.0,0.0
2025-04-07 00:00:00-04:00,87.44898959160196,101.73719167720878,86.60909899272106,97.6277084350586,611041300,0.0,0.0
2025-04-08 00:00:00-04:00,103.79693724960859,105.83668151314755,94.448115096381,96.28788757324219,476243400,0.0,0.0
2025-04-09 00:00:00-04:00,98.8775535578917,115.08551252786717,97.51772411084168,114.31561279296875,612918300,0.0,0.0
2025-04-10 00:00:00-04:00,109.3562417228181,110.84605211383005,99.13752639108027,107.55646514892578,437812400,0.0,0.0
2025-04-11 00:00:00-04:00,108.4863440509602,111.53596322542542,107.46647578597839,110.9160385131836,313417300,0.0,0.0
2025-04-14 00:00:00-04:00,114.09564149423704,114.27561914894163,109.0562747909433,110.6960678100586,264705000,0.0,0.0
2025-04-15 00:00:00-04:00,110.95604157012,113.6057097347757,110.48609947397975,112.18588256835938,228966900,0.0,0.0
2025-04-16 00:00:00-04:00,104.53685005598037,106.776566115048,100.43735975697352,104.47685241699219,397016900,0.0,0.0
2025-04-17 00:00:00-04:00,104.43685285244638,104.45685460754896,100.03741265575106,101.47722625732422,292517500,0.0,0.0
2025-04-21 00:00:00-04:00,98.75757087400713,99.42749238220217,95.02804439894429,96.89781188964844,288501100,0.0,0.0
2025-04-22 00:00:00-04:00,98.7675690784311,99.79743825075411,97.26775782667495,98.87755584716797,241004800,0.0,0.0
2025-04-23 00:00:00-04:00,104.50684469329865,104.78681586825162,102.0071592730487,102.69707489013672,247526000,0.0,0.0
2025-04-24 00:00:00-04:00,103.4669774804407,106.52658985205171,103.09702130913817,106.4166030883789,220815000,0.0,0.0
2025-04-25 00:00:00-04:00,106.83655988818872,111.90592192622726,105.71670563343305,110.99604034423828,251064700,0.0,0.0
2025-04-28 00:00:00-04:00,109.67619446115806,110.35610916663857,106.0066506499314,108.71631622314453,207708500,0.0,0.0
2025-04-29 00:00:00-04:00,107.65645038374015,110.18613082106049,107.42648359585715,109.00627899169922,170444300,0.0,0.0
2025-04-30 00:00:00-04:00,104.45685864823317,108.90629577636719,104.06690832142748,108.90629577636719,235044600,0.0,0.0
2025-05-01 00:00:00-04:00,113.06577112138011,114.92553765737502,111.28599634849851,111.59595489501953,236121500,0.0,0.0
2025-05-02 00:00:00-04:00,114.1656362648126,115.38548400726445,113.35574060530446,114.485595703125,190194800,0.0,0.0
2025-05-05 00:00:00-04:00,112.89579778060671,114.65557085202862,112.64582923459892,113.80567932128906,133163200,0.0,0.0
2025-05-06 00:00:00-04:00,111.46598025800552,114.72556468927546,110.8060596179303,113.52571868896484,158525600,0.0,0.0
2025-05-07 00:00:00-04:00,113.03578272910664,117.66519758488604,112.2658753138673,117.04527282714844,206758800,0.0,0.0
2025-05-08 00:00:00-04:00,118.23512643493164,118.66507265437788,115.83542678286972,117.35523986816406,198428100,0.0,0.0
2025-05-09 00:00:00-04:00,117.33523143311392,118.21512557823269,115.19550133583151,116.63532257080078,132972200,0.0,0.0
2025-05-12 00:00:00-04:00,121.95465837416761,122.98452758789062,120.26486852149502,122.98452758789062,225023300,0.0,0.0
2025-05-13 00:00:00-04:00,124.96428378706925,131.20349680462547,124.45434579721417,129.9136505126953,330430100,0.0,0.0
2025-05-14 00:00:00-04:00,133.18323739959362,135.4229610498005,131.66342437777934,135.32296752929688,281180800,0.0,0.0
2025-05-15 00:00:00-04:00,134.27309347043854,136.28285028501523,132.64330897356982,134.8130340576172,226632600,0.0,0.0
2025-05-16 00:00:00-04:00,136.20286928250525,136.3328578150344,133.44322189103337,135.38296508789062,226542500,0.0,0.0
2025-05-19 00:00:00-04:00,132.3733402168265,135.85289804232983,132.3733402168265,135.55294799804688,193154600,0.0,0.0
2025-05-20 00:00:00-04:00,134.27309787247168,134.56306993057714,132.60330981084104,134.36309814453125,161514200,0.0,0.0
2025-05-21 00:00:00-04:00,133.04325269152105,137.3827028648009,130.57356230685332,131.78341674804688,270608700,0.0,0.0
2025-05-22 00:00:00-04:00,132.21336282687446,134.23311300774128,131.53345568577518,132.81329345703125,187344000,0.0,0.0
2025-05-23 00:00:00-04:00,129.98365220977007,132.66330787048915,129.14376150329426,131.2734832763672,198821300,0.0,0.0
2025-05-27 00:00:00-04:00,134.13310453484723,135.64292419162265,133.2932139517279,135.48294067382812,192953600,0.0,0.0
2025-05-28 00:00:00-04:00,136.01289284806998,137.23274065219468,134.773043287045,134.7930450439453,304021100,0.0,0.0
2025-05-29 00:00:00-04:00,142.2321134030903,143.47196297724966,137.89266277883826,139.17250061035156,369241900,0.0,0.0
2025-05-30 00:00:00-04:00,138.7025513364048,139.6024320207408,132.9032778793795,135.11300659179688,333170900,0.0,0.0
2025-06-02 00:00:00-04:00,135.4729551269194,138.10261378714853,135.38295485750098,137.3627166748047,197663100,0.0,0.0
2025-06-03 00:00:00-04:00,138.76252943263086,141.9821253260672,137.93263208053457,141.2022247314453,225578800,0.0,0.0
2025-06-04 00:00:00-04:00,142.17211569309742,142.37208748278405,139.52243989492337,141.9021453857422,167120800,0.0,0.0
2025-06-05 00:00:00-04:00,142.15211531599257,143.98188696027037,138.81253909953503,139.97239685058594,231397900,0.0,0.0
2025-06-06 00:00:00-04:00,142.4920575502711,143.2519716576077,141.49218341482276,141.70216369628906,153986200,0.0,0.0
2025-06-09 00:00:00-04:00,143.17198765195985,144.98175749406252,141.9221449149421,142.612060546875,185114500,0.0,0.0
2025-06-10 00:00:00-04:00,142.6720500430919,144.27183958658884,141.51219232566982,143.94189453125,155881900,0.0,0.0
2025-06-11 00:00:00-04:00,144.6018435649776,144.9818270127783,141.8619926278542,142.8219451904297,167694000,0.01,0.0
2025-06-12 00:00:00-04:00,141.9619934165529,144.9918212890625,141.84200506767834,144.9918212890625,162365000,0.0,0.0
2025-06-13 00:00:00-04:00,142.47195608609783,143.57190012016565,140.84205843661482,141.9619903564453,180820600,0.0,0.0
2025-06-16 00:00:00-04:00,143.3419182543515,146.17174515794912,143.19191756263837,144.6818389892578,183133700,0.0,0.0
2025-06-17 00:00:00-04:00,144.48185167828373,145.2118062109318,143.77188503129375,144.1118621826172,139108000,0.0,0.0
2025-06-18 00:00:00-04:00,144.00186822839106,145.64177507521472,143.1119190601379,145.47178649902344,161494100,0.0,0.0
2025-06-20 00:00:00-04:00,145.4417889825313,146.1917466588846,142.6419439392267,143.84188842773438,242956200,0.0,0.0
2025-06-23 00:00:00-04:00,142.49196127355907,144.77183143330174,142.02198656661903,144.161865234375,154308900,0.0,0.0
2025-06-24 00:00:00-04:00,145.55178305584516,147.9516567694991,145.4917888831412,147.8916473388672,187566100,0.0,0.0
2025-06-25 00:00:00-04:00,149.2615908362584,154.44129154756814,149.2515816348226,154.30130004882812,269146500,0.0,0.0
2025-06-26 00:00:00-04:00,155.9711982969104,156.71116205301092,153.99131424314706,155.01126098632812,198145700,0.0,0.0
2025-06-27 00:00:00-04:00,156.03119384319848,158.7010567029259,155.25123904977087,157.74110412597656,263234500,0.0,0.0
2025-06-30 00:00:00-04:00,158.39105963903748,158.65105473929458,155.95121007936535,157.98109436035156,194580300,0.0,0.0
2025-07-01 00:00:00-04:00,156.28118836420296,157.19114075936278,151.4814709885328,153.29136657714844,213143600,0.0,0.0
2025-07-02 00:00:00-04:00,152.97137110311218,157.5911210146133,152.9613771597412,157.2411346435547,171224100,0.0,0.0
2025-07-03 00:00:00-04:00,158.36106240246136,160.97091579811564,157.76110539966962,159.3310089111328,143716100,0.0,0.0
2025-07-07 00:00:00-04:00,158.19107281354107,159.3010108082469,157.33112071622008,158.2310791015625,140139000,0.0,0.0
2025-07-08 00:00:00-04:00,159.32102164925746,160.21097087662494,158.3810721884118,159.99098205566406,138133000,0.0,0.0
2025-07-09 00:00:00-04:00,161.2109090473586,164.41072552837133,161.15091487239096,162.87081909179688,183656400,0.0,0.0
2025-07-10 00:00:00-04:00,164.31074810125853,164.4907306346819,161.6008940928153,164.09075927734375,167704100,0.0,0.0
2025-07-11 00:00:00-04:00,163.71077623333997,167.88053943905462,163.4607903198708,164.91070556640625,193633300,0.0,0.0
2025-07-14 00:00:00-04:00,165.36067502496692,165.48067863727533,162.0108729824689,164.06076049804688,136975800,0.0,0.0
2025-07-15 00:00:00-04:00,171.18034650685541,172.39026971263084,169.19045325951484,170.69036865234375,230627400,0.0,0.0
2025-07-16 00:00:00-04:00,171.05035621730414,171.74031976856003,168.89047429804987,171.36033630371094,158831500,0.0,0.0
2025-07-17 00:00:00-04:00,172.01030913929756,174.15018791751396,170.82037376702192,172.99024963378906,160841100,0.0,0.0
2025-07-18 00:00:00-04:00,173.63021019833226,174.24017641906912,171.2503394915346,172.40028381347656,146456400,0.0,0.0
2025-07-21 00:00:00-04:00,172.7402639749064,173.37023335124513,170.99036260323587,171.37034606933594,123126100,0.0,0.0
2025-07-22 00:00:00-04:00,171.33033873133073,171.38033896465845,164.5707252526767,167.0205841064453,193114300,0.0,0.0
2025-07-23 00:00:00-04:00,169.52044095634585,171.25033914956657,167.96053134785282,170.77037048339844,154082200,0.0,0.0
2025-07-24 00:00:00-04:00,172.43027959809626,173.82020061413024,171.29034448608226,173.73020935058594,128984600,0.0,0.0
2025-07-25 00:00:00-04:00,173.60021352539138,174.71015156060187,172.9502562716434,173.49021911621094,122316800,0.0,0.0
2025-07-28 00:00:00-04:00,174.0101941822023,176.9900219174052,173.96019394928393,176.7400360107422,140023500,0.0,0.0
2025-07-29 00:00:00-04:00,177.94996552058157,179.36988356772682,175.01012896550742,175.50009155273438,154077500,0.0,0.0
2025-07-30 00:00:00-04:00,176.50004870661488,179.87986313645385,176.03007396904806,179.25990295410156,174312200,0.0,0.0
2025-07-31 00:00:00-04:00,182.88968537366165,183.28967198380855,175.92007699286586,177.85997009277344,221685400,0.0,0.0
2025-08-01 00:00:00-04:00,174.08017933113513,176.53003812303805,170.88036283204175,173.710205078125,204529000,0.0,0.0
2025-08-04 00:00:00-04:00,175.150129411279,180.18983857913796,174.5101661001552,179.98985290527344,148174600,0.0,0.0
2025-08-05 00:00:00-04:00,179.6098628583566,180.24982614601393,175.8900714807458,178.24993896484375,156407600,0.0,0.0
2025-08-06 00:00:00-04:00,176.32005948301483,179.88985025482887,176.2400621628547,179.40988159179688,137192300,0.0,0.0
2025-08-07 00:00:00-04:00,181.5597693442696,183.86963665167795,178.78992126086553,180.7598114013672,151878400,0.0,0.0
2025-08-08 00:00:00-04:00,181.5397681998595,183.2896695438941,180.3898238761652,182.689697265625,123396700,0.0,0.0
2025-08-11 00:00:00-04:00,182.0397344504628,183.82962677132744,180.23983292857787,182.0497283935547,138323200,0.0,0.0
2025-08-12 00:00:00-04:00,182.94968779347354,184.46959107996432,179.4498851930147,183.14967346191406,145485700,0.0,0.0
2025-08-13 00:00:00-04:00,182.60969839497247,183.95962838065756,179.33989375414814,181.5797576904297,179871700,0.0,0.0
2025-08-14 00:00:00-04:00,179.73985890356857,183.0096786896392,179.44988197821397,182.00973510742188,129554000,0.0,0.0
2025-08-15 00:00:00-04:00,181.86974661621798,181.88973450248375,178.02995160113952,180.4398193359375,156602200,0.0,0.0
2025-08-18 00:00:00-04:00,180.58981649127065,182.92968080449612,180.5798072904055,181.99972534179688,132008000,0.0,0.0
2025-08-19 00:00:00-04:00,182.41970688751834,182.4897102645763,175.48011099603517,175.63009643554688,185229200,0.0,0.0
2025-08-20 00:00:00-04:00,175.1601234390134,175.99007848098316,168.79048741289236,175.39010620117188,215142700,0.0,0.0
2025-08-21 00:00:00-04:00,174.8401410010552,176.89001313294924,173.80019113380274,174.97012329101562,140040900,0.0,0.0
2025-08-22 00:00:00-04:00,172.60026380920357,178.57992220965232,171.19033968434712,177.97996520996094,172789400,0.0,0.0
2025-08-25 00:00:00-04:00,178.3399565343825,181.89975349617023,176.56005805348863,179.79986572265625,163012800,0.0,0.0
2025-08-26 00:00:00-04:00,180.04984011627135,182.379710508586,178.79991063056144,181.75975036621094,168688200,0.0,0.0
2025-08-27 00:00:00-04:00,181.96973565618129,182.47971666734583,179.0899084065932,181.5897674560547,235518900,0.0,0.0
2025-08-28 00:00:00-04:00,180.80980830742462,184.45959632874283,176.40005338826177,180.1598358154297,281787800,0.0,0.0
2025-08-29 00:00:00-04:00,178.099952232122,178.13994326196564,173.14022534545884,174.170166015625,243257900,0.0,0.0
2025-09-02 00:00:00-04:00,169.99041567915194,172.37028638119727,167.2105736316213,170.77037048339844,231164900,0.0,0.0
2025-09-03 00:00:00-04:00,171.0503597309562,172.40028977270214,168.8704898798795,170.61038208007812,164424900,0.0,0.0
2025-09-04 00:00:00-04:00,170.56039467979372,171.85031526705663,169.40045639085815,171.65032958984375,141670100,0.0,0.0
2025-09-05 00:00:00-04:00,168.02052717453523,169.02047080600087,164.06075893837155,167.01058959960938,224441400,0.0,0.0
2025-09-08 00:00:00-04:00,167.5405549408978,170.95036631358883,167.34056927044318,168.30050659179688,163769100,0.0,0.0
2025-09-09 00:00:00-04:00,169.08046220477644,170.97035502688004,166.7306038641957,170.7503662109375,157548400,0.0,0.0
2025-09-10 00:00:00-04:00,176.63004377208136,179.2798883121013,175.46011154547278,177.32000732421875,226852000,0.0,0.0
2025-09-11 00:00:00-04:00,179.67999267578125,180.27999877929688,176.47999572753906,177.1699981689453,151159300,0.01,0.0
2025-09-12 00:00:00-04:00,177.77000427246094,178.60000610351562,176.4499969482422,177.82000732421875,124618700,0.0,0.0
2025-09-15 00:00:00-04:00,175.6699981689453,178.85000610351562,174.50999450683594,177.75,147061600,0.0,0.0
2025-09-16 00:00:00-04:00,177.0,177.5,174.3800048828125,174.8800048828125,140737800,0.0,0.0
2025-09-17 00:00:00-04:00,172.63999938964844,173.1999969482422,168.41000366210938,170.2899932861328,210980500,0.0,0.0
2025-09-18 00:00:00-04:00,174.0570068359375,175.3800048828125,173.18499755859375,174.79159545898438,49308213,0.0,0.0
